,date_valid,alpine_status,alpine_status_code,treeline_status,treeline_status_code,belowtree_status,belowtree_status_code
0,2011-12-03,Considerable,3.0,Moderate,2.0,Low,1.0
1,2011-12-04,Moderate,2.0,Moderate,2.0,Low,1.0
2,2011-12-05,Moderate,2.0,Moderate,2.0,Low,1.0
3,2011-12-06,Moderate,2.0,Moderate,2.0,Low,1.0
4,2011-12-07,Moderate,2.0,Moderate,2.0,Low,1.0
5,2011-12-08,Moderate,2.0,Moderate,2.0,Low,1.0
6,2011-12-09,Moderate,2.0,Moderate,2.0,Low,1.0
7,2011-12-10,Moderate,2.0,Low,1.0,Low,1.0
8,2011-12-11,Low,1.0,Low,1.0,Low,1.0
9,2011-12-12,Low,1.0,Low,1.0,Low,1.0
10,2011-12-13,Low,1.0,Low,1.0,Low,1.0
11,2011-12-14,Low,1.0,Low,1.0,Low,1.0
12,2011-12-15,Moderate,2.0,Low,1.0,Low,1.0
13,2011-12-16,Moderate,2.0,Moderate,2.0,Low,1.0
14,2011-12-17,Moderate,2.0,Moderate,2.0,Low,1.0
15,2011-12-18,Considerable,3.0,Moderate,2.0,Low,1.0
16,2011-12-19,Moderate,2.0,Moderate,2.0,Low,1.0
17,2011-12-20,Moderate,2.0,Moderate,2.0,Low,1.0
18,2011-12-21,Moderate,2.0,Moderate,2.0,Low,1.0
19,2011-12-22,Moderate,2.0,Low,1.0,Low,1.0
20,2011-12-23,Moderate,2.0,Moderate,2.0,Low,1.0
21,2011-12-24,Considerable,3.0,Moderate,2.0,Moderate,2.0
22,2011-12-25,Considerable,3.0,Considerable,3.0,Moderate,2.0
23,2011-12-26,Considerable,3.0,Considerable,3.0,Moderate,2.0
24,2011-12-27,High,4.0,Considerable,3.0,Considerable,3.0
25,2011-12-28,High,4.0,High,4.0,High,4.0
26,2011-12-29,High,4.0,High,4.0,Considerable,3.0
27,2011-12-30,High,4.0,High,4.0,Considerable,3.0
28,2011-12-31,Considerable,3.0,Considerable,3.0,Moderate,2.0
29,2012-01-01,High,4.0,High,4.0,Considerable,3.0
30,2012-01-02,Considerable,3.0,Considerable,3.0,Considerable,3.0
31,2012-01-03,High,4.0,High,4.0,Considerable,3.0
32,2012-01-04,High,4.0,High,4.0,Considerable,3.0
33,2012-01-05,High,4.0,High,4.0,Considerable,3.0
34,2012-01-06,Considerable,3.0,Considerable,3.0,Moderate,2.0
35,2012-01-07,Considerable,3.0,Moderate,2.0,Low,1.0
36,2012-01-08,High,4.0,Considerable,3.0,Moderate,2.0
37,2012-01-09,High,4.0,Considerable,3.0,Moderate,2.0
38,2012-01-10,Considerable,3.0,Considerable,3.0,Low,1.0
39,2012-01-11,Moderate,2.0,Moderate,2.0,Low,1.0
40,2012-01-12,Moderate,2.0,Low,1.0,Low,1.0
41,2012-01-13,Moderate,2.0,Low,1.0,Low,1.0
42,2012-01-14,Moderate,2.0,Moderate,2.0,Low,1.0
43,2012-01-15,Moderate,2.0,Low,1.0,Low,1.0
44,2012-01-16,Considerable,3.0,Moderate,2.0,Low,1.0
45,2012-01-17,Moderate,2.0,Moderate,2.0,Low,1.0
46,2012-01-18,Considerable,3.0,Considerable,3.0,Moderate,2.0
47,2012-01-19,Considerable,3.0,Moderate,2.0,Moderate,2.0
48,2012-01-20,Considerable,3.0,Moderate,2.0,Moderate,2.0
49,2012-01-21,High,4.0,High,4.0,High,4.0
50,2012-01-22,High,4.0,Considerable,3.0,Considerable,3.0
51,2012-01-23,High,4.0,Considerable,3.0,Considerable,3.0
52,2012-01-24,High,4.0,High,4.0,High,4.0
53,2012-01-25,High,4.0,High,4.0,Considerable,3.0
54,2012-01-26,High,4.0,Considerable,3.0,Considerable,3.0
55,2012-01-27,Considerable,3.0,Considerable,3.0,Moderate,2.0
56,2012-01-28,Considerable,3.0,Moderate,2.0,Moderate,2.0
57,2012-01-29,High,4.0,Considerable,3.0,Moderate,2.0
58,2012-01-30,Considerable,3.0,Considerable,3.0,Moderate,2.0
59,2012-01-31,Considerable,3.0,Moderate,2.0,Low,1.0
60,2012-02-01,Moderate,2.0,Moderate,2.0,Low,1.0
61,2012-02-02,Considerable,3.0,Moderate,2.0,Moderate,2.0
62,2012-02-03,Considerable,3.0,Considerable,3.0,Moderate,2.0
63,2012-02-04,Moderate,2.0,Moderate,2.0,Low,1.0
64,2012-02-05,Considerable,3.0,Moderate,2.0,Low,1.0
65,2012-02-06,Moderate,2.0,Low,1.0,Low,1.0
66,2012-02-07,Moderate,2.0,Low,1.0,Low,1.0
67,2012-02-08,Moderate,2.0,Low,1.0,Low,1.0
68,2012-02-09,Moderate,2.0,Moderate,2.0,Low,1.0
69,2012-02-10,Considerable,3.0,Moderate,2.0,Low,1.0
70,2012-02-11,Moderate,2.0,Low,1.0,Low,1.0
71,2012-02-12,Moderate,2.0,Low,1.0,Low,1.0
72,2012-02-13,Moderate,2.0,Low,1.0,Low,1.0
73,2012-02-14,Low,1.0,Low,1.0,Low,1.0
74,2012-02-15,Low,1.0,Low,1.0,Low,1.0
75,2012-02-16,Moderate,2.0,Low,1.0,Low,1.0
76,2012-02-17,Moderate,2.0,Moderate,2.0,Low,1.0
77,2012-02-18,Moderate,2.0,Moderate,2.0,Low,1.0
78,2012-02-19,Moderate,2.0,Moderate,2.0,Low,1.0
79,2012-02-20,Considerable,3.0,Moderate,2.0,Moderate,2.0
80,2012-02-21,Moderate,2.0,Moderate,2.0,Moderate,2.0
81,2012-02-22,High,4.0,High,4.0,Considerable,3.0
82,2012-02-23,Considerable,3.0,Considerable,3.0,Considerable,3.0
83,2012-02-24,Considerable,3.0,Considerable,3.0,Considerable,3.0
84,2012-02-25,High,4.0,Considerable,3.0,Considerable,3.0
85,2012-02-26,Considerable,3.0,Considerable,3.0,Moderate,2.0
86,2012-02-27,Considerable,3.0,Considerable,3.0,Moderate,2.0
87,2012-02-28,Considerable,3.0,Moderate,2.0,Moderate,2.0
88,2012-02-29,Considerable,3.0,Moderate,2.0,Moderate,2.0
89,2012-03-01,Considerable,3.0,Considerable,3.0,Moderate,2.0
90,2012-03-02,Considerable,3.0,Considerable,3.0,Moderate,2.0
91,2012-03-03,Considerable,3.0,Considerable,3.0,Considerable,3.0
92,2012-03-04,High,4.0,Considerable,3.0,Considerable,3.0
93,2012-03-05,High,4.0,High,4.0,Considerable,3.0
94,2012-03-06,Considerable,3.0,Considerable,3.0,Moderate,2.0
95,2012-03-07,Considerable,3.0,Moderate,2.0,Moderate,2.0
96,2012-03-08,Moderate,2.0,Moderate,2.0,Low,1.0
97,2012-03-09,High,4.0,Considerable,3.0,Moderate,2.0
98,2012-03-10,High,4.0,High,4.0,Considerable,3.0
99,2012-03-11,High,4.0,High,4.0,High,4.0
100,2012-03-12,High,4.0,High,4.0,High,4.0
101,2012-03-13,High,4.0,High,4.0,Considerable,3.0
102,2012-03-14,High,4.0,High,4.0,High,4.0
103,2012-03-15,High,4.0,High,4.0,High,4.0
104,2012-03-16,High,4.0,High,4.0,Considerable,3.0
105,2012-03-17,High,4.0,Considerable,3.0,Considerable,3.0
106,2012-03-18,Considerable,3.0,Considerable,3.0,Considerable,3.0
107,2012-03-19,High,4.0,Considerable,3.0,Moderate,2.0
108,2012-03-20,High,4.0,Considerable,3.0,Considerable,3.0
109,2012-03-21,Considerable,3.0,Considerable,3.0,Moderate,2.0
110,2012-03-22,Considerable,3.0,Moderate,2.0,Moderate,2.0
111,2012-03-23,Considerable,3.0,Considerable,3.0,Moderate,2.0
112,2012-03-24,Considerable,3.0,Moderate,2.0,Moderate,2.0
113,2012-03-25,Moderate,2.0,Moderate,2.0,Moderate,2.0
114,2012-03-26,Moderate,2.0,Moderate,2.0,Low,1.0
115,2012-03-27,Considerable,3.0,Moderate,2.0,Low,1.0
116,2012-03-28,Considerable,3.0,Moderate,2.0,Low,1.0
117,2012-03-29,High,4.0,Considerable,3.0,Considerable,3.0
118,2012-03-30,Considerable,3.0,Considerable,3.0,Moderate,2.0
119,2012-03-31,Considerable,3.0,Moderate,2.0,Moderate,2.0
120,2012-04-01,Considerable,3.0,Moderate,2.0,Moderate,2.0
121,2012-04-02,High,4.0,High,4.0,Considerable,3.0
122,2012-04-03,High,4.0,High,4.0,Considerable,3.0
123,2012-04-04,Considerable,3.0,Considerable,3.0,Moderate,2.0
124,2012-04-05,Considerable,3.0,Moderate,2.0,Low,1.0
125,2012-04-06,Considerable,3.0,Moderate,2.0,Low,1.0
126,2012-04-07,Moderate,2.0,Moderate,2.0,Low,1.0
127,2012-04-08,Moderate,2.0,Moderate,2.0,Low,1.0
128,2012-04-09,Moderate,2.0,Low,1.0,Low,1.0
129,2012-04-10,Moderate,2.0,Low,1.0,Low,1.0
130,2012-04-11,Moderate,2.0,Moderate,2.0,Low,1.0
131,2012-04-12,Moderate,2.0,Low,1.0,Low,1.0
132,2012-04-13,Moderate,2.0,Low,1.0,Low,1.0
133,2012-04-14,Moderate,2.0,Low,1.0,Low,1.0
134,2012-04-15,Moderate,2.0,Moderate,2.0,Moderate,2.0
135,2012-04-16,Moderate,2.0,Moderate,2.0,Low,1.0
136,2012-04-17,Moderate,2.0,Moderate,2.0,Low,1.0
137,2012-04-18,Moderate,2.0,Moderate,2.0,Low,1.0
138,2012-04-19,Moderate,2.0,Low,1.0,Low,1.0
139,2012-04-20,Moderate,2.0,Moderate,2.0,Moderate,2.0
140,2012-04-21,Moderate,2.0,Moderate,2.0,Low,1.0
141,2012-04-22,Considerable,3.0,Considerable,3.0,Considerable,3.0
142,2012-04-23,Considerable,3.0,Considerable,3.0,Considerable,3.0
176,2012-11-27,Moderate,2.0,Moderate,2.0,Low,1.0
177,2012-11-28,Moderate,2.0,Moderate,2.0,Low,1.0
178,2012-11-29,High,4.0,Considerable,3.0,Moderate,2.0
179,2012-11-30,High,4.0,Considerable,3.0,Moderate,2.0
180,2012-12-01,High,4.0,Considerable,3.0,Moderate,2.0
181,2012-12-02,Considerable,3.0,Considerable,3.0,Moderate,2.0
182,2012-12-03,Considerable,3.0,Considerable,3.0,Moderate,2.0
183,2012-12-04,High,4.0,High,4.0,Considerable,3.0
184,2012-12-05,Considerable,3.0,Considerable,3.0,Considerable,3.0
185,2012-12-06,Considerable,3.0,Considerable,3.0,Considerable,3.0
186,2012-12-07,Considerable,3.0,Moderate,2.0,Low,1.0
187,2012-12-08,Considerable,3.0,Moderate,2.0,Low,1.0
188,2012-12-09,Moderate,2.0,Moderate,2.0,Low,1.0
189,2012-12-10,Considerable,3.0,Considerable,3.0,Moderate,2.0
190,2012-12-11,Considerable,3.0,Considerable,3.0,Moderate,2.0
191,2012-12-12,Considerable,3.0,Moderate,2.0,Moderate,2.0
192,2012-12-13,Considerable,3.0,Moderate,2.0,Low,1.0
193,2012-12-14,Considerable,3.0,Moderate,2.0,Low,1.0
194,2012-12-15,High,4.0,Considerable,3.0,Moderate,2.0
195,2012-12-16,Considerable,3.0,Considerable,3.0,Considerable,3.0
196,2012-12-17,High,4.0,High,4.0,Considerable,3.0
197,2012-12-18,Considerable,3.0,Moderate,2.0,Moderate,2.0
198,2012-12-19,High,4.0,High,4.0,Considerable,3.0
199,2012-12-20,High,4.0,Considerable,3.0,Moderate,2.0
200,2012-12-21,Considerable,3.0,Moderate,2.0,Moderate,2.0
201,2012-12-22,Considerable,3.0,Moderate,2.0,Moderate,2.0
202,2012-12-23,Moderate,2.0,Moderate,2.0,Moderate,2.0
203,2012-12-24,Moderate,2.0,Moderate,2.0,Low,1.0
204,2012-12-25,Moderate,2.0,Moderate,2.0,Low,1.0
205,2012-12-26,Moderate,2.0,Moderate,2.0,Low,1.0
206,2012-12-27,Moderate,2.0,Moderate,2.0,Low,1.0
207,2012-12-28,Moderate,2.0,Moderate,2.0,Low,1.0
208,2012-12-29,Moderate,2.0,Moderate,2.0,Low,1.0
209,2012-12-30,Moderate,2.0,Low,1.0,Low,1.0
210,2012-12-31,Low,1.0,Low,1.0,Low,1.0
211,2013-01-01,Moderate,2.0,Moderate,2.0,Low,1.0
212,2013-01-02,Moderate,2.0,Low,1.0,Low,1.0
213,2013-01-03,Moderate,2.0,Low,1.0,Low,1.0
214,2013-01-04,Moderate,2.0,Low,1.0,Low,1.0
215,2013-01-05,Low,1.0,Low,1.0,Low,1.0
216,2013-01-06,High,4.0,Considerable,3.0,Moderate,2.0
217,2013-01-07,Considerable,3.0,Considerable,3.0,Moderate,2.0
218,2013-01-08,Considerable,3.0,Considerable,3.0,Moderate,2.0
219,2013-01-09,High,4.0,High,4.0,High,4.0
220,2013-01-10,Considerable,3.0,Considerable,3.0,Moderate,2.0
221,2013-01-11,Considerable,3.0,Moderate,2.0,Moderate,2.0
222,2013-01-12,Considerable,3.0,Moderate,2.0,Moderate,2.0
223,2013-01-13,Moderate,2.0,Moderate,2.0,Moderate,2.0
224,2013-01-14,Considerable,3.0,Moderate,2.0,Moderate,2.0
225,2013-01-15,Considerable,3.0,Considerable,3.0,Moderate,2.0
226,2013-01-16,Moderate,2.0,Moderate,2.0,Moderate,2.0
227,2013-01-17,Moderate,2.0,Moderate,2.0,Moderate,2.0
228,2013-01-18,Moderate,2.0,Moderate,2.0,Moderate,2.0
229,2013-01-19,Moderate,2.0,Moderate,2.0,Low,1.0
230,2013-01-20,Moderate,2.0,Moderate,2.0,Low,1.0
231,2013-01-21,Moderate,2.0,Moderate,2.0,Low,1.0
232,2013-01-22,Moderate,2.0,Low,1.0,Low,1.0
233,2013-01-23,Considerable,3.0,Considerable,3.0,Considerable,3.0
234,2013-01-24,Considerable,3.0,Considerable,3.0,Moderate,2.0
235,2013-01-25,High,4.0,Considerable,3.0,Considerable,3.0
236,2013-01-26,Considerable,3.0,Considerable,3.0,Moderate,2.0
237,2013-01-27,Considerable,3.0,Considerable,3.0,Moderate,2.0
238,2013-01-28,Considerable,3.0,Moderate,2.0,Moderate,2.0
239,2013-01-29,Considerable,3.0,Moderate,2.0,Moderate,2.0
240,2013-01-30,Moderate,2.0,Moderate,2.0,Low,1.0
241,2013-01-31,Considerable,3.0,Moderate,2.0,Low,1.0
242,2013-02-01,Considerable,3.0,Moderate,2.0,Low,1.0
243,2013-02-02,Considerable,3.0,Considerable,3.0,Considerable,3.0
244,2013-02-03,Moderate,2.0,Moderate,2.0,Low,1.0
245,2013-02-04,Moderate,2.0,Low,1.0,Low,1.0
246,2013-02-05,Moderate,2.0,Moderate,2.0,Low,1.0
247,2013-02-06,High,4.0,Considerable,3.0,Considerable,3.0
248,2013-02-07,Considerable,3.0,Considerable,3.0,Moderate,2.0
249,2013-02-08,Considerable,3.0,Moderate,2.0,Moderate,2.0
250,2013-02-09,Considerable,3.0,Moderate,2.0,Moderate,2.0
251,2013-02-10,Moderate,2.0,Moderate,2.0,Moderate,2.0
252,2013-02-11,Moderate,2.0,Low,1.0,Low,1.0
253,2013-02-12,Considerable,3.0,Moderate,2.0,Low,1.0
254,2013-02-13,Moderate,2.0,Moderate,2.0,Low,1.0
255,2013-02-14,Moderate,2.0,Low,1.0,Low,1.0
256,2013-02-15,Moderate,2.0,Low,1.0,Low,1.0
257,2013-02-16,Moderate,2.0,Low,1.0,Low,1.0
258,2013-02-17,Moderate,2.0,Low,1.0,Low,1.0
259,2013-02-18,Moderate,2.0,Low,1.0,Low,1.0
260,2013-02-19,Low,1.0,Low,1.0,Low,1.0
261,2013-02-20,Moderate,2.0,Low,1.0,Low,1.0
262,2013-02-21,Moderate,2.0,Moderate,2.0,Low,1.0
263,2013-02-22,High,4.0,High,4.0,Considerable,3.0
264,2013-02-23,Considerable,3.0,Considerable,3.0,Moderate,2.0
265,2013-02-24,High,4.0,Considerable,3.0,Considerable,3.0
266,2013-02-25,Considerable,3.0,Moderate,2.0,Moderate,2.0
267,2013-02-26,Considerable,3.0,Considerable,3.0,Moderate,2.0
268,2013-02-27,Considerable,3.0,Considerable,3.0,Moderate,2.0
269,2013-02-28,Considerable,3.0,Considerable,3.0,Moderate,2.0
270,2013-03-01,Extreme,5.0,High,4.0,High,4.0
271,2013-03-02,High,4.0,High,4.0,High,4.0
272,2013-03-03,High,4.0,Considerable,3.0,Moderate,2.0
273,2013-03-04,Considerable,3.0,Considerable,3.0,Moderate,2.0
274,2013-03-05,Considerable,3.0,Considerable,3.0,Moderate,2.0
275,2013-03-06,Moderate,2.0,Moderate,2.0,Low,1.0
276,2013-03-07,Moderate,2.0,Moderate,2.0,Low,1.0
277,2013-03-08,Moderate,2.0,Moderate,2.0,Low,1.0
278,2013-03-09,Moderate,2.0,Moderate,2.0,Low,1.0
279,2013-03-10,Moderate,2.0,Moderate,2.0,Low,1.0
280,2013-03-11,Considerable,3.0,Considerable,3.0,Moderate,2.0
281,2013-03-12,High,4.0,Considerable,3.0,Moderate,2.0
282,2013-03-13,High,4.0,High,4.0,Considerable,3.0
283,2013-03-14,High,4.0,High,4.0,Moderate,2.0
284,2013-03-15,High,4.0,Considerable,3.0,Moderate,2.0
285,2013-03-16,Considerable,3.0,Considerable,3.0,Moderate,2.0
286,2013-03-17,Considerable,3.0,Moderate,2.0,Low,1.0
287,2013-03-18,Moderate,2.0,Moderate,2.0,Low,1.0
288,2013-03-19,Considerable,3.0,Moderate,2.0,Moderate,2.0
289,2013-03-20,High,4.0,High,4.0,Considerable,3.0
290,2013-03-21,Considerable,3.0,Considerable,3.0,Moderate,2.0
291,2013-03-22,Considerable,3.0,Moderate,2.0,Low,1.0
292,2013-03-23,Moderate,2.0,Moderate,2.0,Low,1.0
293,2013-03-24,Considerable,3.0,Moderate,2.0,Low,1.0
294,2013-03-25,Moderate,2.0,Moderate,2.0,Low,1.0
295,2013-03-26,Moderate,2.0,Low,1.0,Low,1.0
296,2013-03-27,Moderate,2.0,Low,1.0,Low,1.0
297,2013-03-28,Moderate,2.0,Low,1.0,Low,1.0
298,2013-03-29,Moderate,2.0,Low,1.0,Low,1.0
299,2013-03-30,Moderate,2.0,Moderate,2.0,Moderate,2.0
300,2013-03-31,Low,1.0,Low,1.0,Low,1.0
301,2013-04-01,Low,1.0,Low,1.0,Low,1.0
302,2013-04-02,Low,1.0,Low,1.0,Low,1.0
303,2013-04-03,Low,1.0,Low,1.0,Low,1.0
304,2013-04-04,Moderate,2.0,Moderate,2.0,Low,1.0
305,2013-04-05,Considerable,3.0,Moderate,2.0,Low,1.0
306,2013-04-06,High,4.0,Considerable,3.0,Moderate,2.0
307,2013-04-07,Considerable,3.0,Considerable,3.0,Moderate,2.0
308,2013-04-08,Moderate,2.0,Moderate,2.0,Low,1.0
309,2013-04-09,Moderate,2.0,Moderate,2.0,Low,1.0
310,2013-04-10,Considerable,3.0,Considerable,3.0,Moderate,2.0
311,2013-04-11,Considerable,3.0,Moderate,2.0,Low,1.0
312,2013-04-12,Moderate,2.0,Moderate,2.0,Low,1.0
313,2013-04-13,Considerable,3.0,Moderate,2.0,Low,1.0
314,2013-04-14,Considerable,3.0,Moderate,2.0,Low,1.0
315,2013-04-15,Moderate,2.0,Moderate,2.0,Low,1.0
316,2013-04-16,Moderate,2.0,Low,1.0,Low,1.0
317,2013-04-17,Moderate,2.0,Low,1.0,Low,1.0
318,2013-04-18,Moderate,2.0,Moderate,2.0,Low,1.0
319,2013-04-19,Considerable,3.0,Moderate,2.0,Moderate,2.0
320,2013-04-20,Moderate,2.0,Moderate,2.0,Low,1.0
321,2013-04-21,Moderate,2.0,Low,1.0,Low,1.0
322,2013-04-22,Moderate,2.0,Low,1.0,Low,1.0
354,2013-11-24,Low,1.0,Low,1.0,Low,1.0
355,2013-11-25,Low,1.0,Low,1.0,Low,1.0
356,2013-11-26,Low,1.0,Low,1.0,Low,1.0
360,2013-11-30,Considerable,3.0,Moderate,2.0,Low,1.0
361,2013-12-01,Considerable,3.0,Considerable,3.0,Moderate,2.0
362,2013-12-02,Considerable,3.0,Moderate,2.0,Low,1.0
363,2013-12-03,Moderate,2.0,Low,1.0,Low,1.0
364,2013-12-04,Moderate,2.0,Low,1.0,Low,1.0
365,2013-12-05,Moderate,2.0,Low,1.0,Low,1.0
366,2013-12-06,Moderate,2.0,Moderate,2.0,Low,1.0
367,2013-12-07,Moderate,2.0,Low,1.0,Low,1.0
368,2013-12-08,Moderate,2.0,Moderate,2.0,Low,1.0
369,2013-12-09,Moderate,2.0,Moderate,2.0,Low,1.0
370,2013-12-10,Moderate,2.0,Moderate,2.0,Low,1.0
371,2013-12-11,Moderate,2.0,Moderate,2.0,Low,1.0
372,2013-12-12,Moderate,2.0,Low,1.0,Low,1.0
373,2013-12-13,Considerable,3.0,Moderate,2.0,Moderate,2.0
374,2013-12-14,Considerable,3.0,Moderate,2.0,Low,1.0
375,2013-12-15,Considerable,3.0,Moderate,2.0,Low,1.0
376,2013-12-16,Moderate,2.0,Low,1.0,Low,1.0
377,2013-12-17,Moderate,2.0,Moderate,2.0,Low,1.0
378,2013-12-18,Moderate,2.0,Moderate,2.0,Low,1.0
379,2013-12-19,Moderate,2.0,Low,1.0,Low,1.0
380,2013-12-20,Moderate,2.0,Moderate,2.0,Low,1.0
381,2013-12-21,Moderate,2.0,Moderate,2.0,Low,1.0
382,2013-12-22,Moderate,2.0,Low,1.0,Low,1.0
383,2013-12-23,Considerable,3.0,Considerable,3.0,Low,1.0
384,2013-12-24,Moderate,2.0,Moderate,2.0,Low,1.0
385,2013-12-25,Moderate,2.0,Moderate,2.0,Low,1.0
386,2013-12-26,Considerable,3.0,Moderate,2.0,Low,1.0
387,2013-12-27,Moderate,2.0,Moderate,2.0,Low,1.0
388,2013-12-28,Moderate,2.0,Low,1.0,Low,1.0
389,2013-12-29,Moderate,2.0,Low,1.0,Low,1.0
390,2013-12-30,Moderate,2.0,Low,1.0,Low,1.0
391,2013-12-31,Moderate,2.0,Low,1.0,Low,1.0
392,2014-01-01,Low,1.0,Low,1.0,Low,1.0
393,2014-01-02,High,4.0,Considerable,3.0,Moderate,2.0
394,2014-01-03,Considerable,3.0,Moderate,2.0,Low,1.0
395,2014-01-04,Moderate,2.0,Moderate,2.0,Low,1.0
396,2014-01-05,Considerable,3.0,Moderate,2.0,Low,1.0
397,2014-01-06,Moderate,2.0,Moderate,2.0,Low,1.0
398,2014-01-07,Moderate,2.0,Low,1.0,Low,1.0
399,2014-01-08,Considerable,3.0,Considerable,3.0,Low,1.0
400,2014-01-09,Considerable,3.0,Considerable,3.0,Low,1.0
401,2014-01-10,Considerable,3.0,Moderate,2.0,Low,1.0
402,2014-01-11,High,4.0,High,4.0,Moderate,2.0
403,2014-01-12,Considerable,3.0,Considerable,3.0,Moderate,2.0
404,2014-01-13,Considerable,3.0,Considerable,3.0,Moderate,2.0
405,2014-01-14,Considerable,3.0,Moderate,2.0,Low,1.0
406,2014-01-15,Considerable,3.0,Moderate,2.0,Low,1.0
407,2014-01-16,Considerable,3.0,Moderate,2.0,Moderate,2.0
408,2014-01-17,Considerable,3.0,Considerable,3.0,Moderate,2.0
409,2014-01-18,Considerable,3.0,Moderate,2.0,Moderate,2.0
410,2014-01-19,Moderate,2.0,Moderate,2.0,Low,1.0
411,2014-01-20,Moderate,2.0,Moderate,2.0,Low,1.0
412,2014-01-21,Moderate,2.0,Moderate,2.0,Low,1.0
413,2014-01-22,Moderate,2.0,Low,1.0,Low,1.0
414,2014-01-23,Moderate,2.0,Low,1.0,Low,1.0
415,2014-01-24,Moderate,2.0,Low,1.0,Low,1.0
416,2014-01-25,Moderate,2.0,Low,1.0,Low,1.0
417,2014-01-26,Moderate,2.0,Moderate,2.0,Low,1.0
418,2014-01-27,Moderate,2.0,Moderate,2.0,Low,1.0
419,2014-01-28,Low,1.0,Low,1.0,Low,1.0
420,2014-01-29,Moderate,2.0,Moderate,2.0,Low,1.0
421,2014-01-30,Moderate,2.0,Low,1.0,Low,1.0
422,2014-01-31,Low,1.0,Low,1.0,Low,1.0
423,2014-02-01,Low,1.0,Low,1.0,Low,1.0
424,2014-02-02,Low,1.0,Low,1.0,Low,1.0
425,2014-02-03,Low,1.0,Low,1.0,Low,1.0
426,2014-02-04,Low,1.0,Low,1.0,Low,1.0
427,2014-02-05,Low,1.0,Low,1.0,Low,1.0
428,2014-02-06,Low,1.0,Low,1.0,Low,1.0
429,2014-02-07,Low,1.0,Low,1.0,Low,1.0
430,2014-02-08,Low,1.0,Low,1.0,Low,1.0
431,2014-02-09,Moderate,2.0,Low,1.0,Low,1.0
432,2014-02-10,Considerable,3.0,Considerable,3.0,Moderate,2.0
433,2014-02-11,High,4.0,High,4.0,Moderate,2.0
434,2014-02-12,High,4.0,High,4.0,Moderate,2.0
435,2014-02-13,High,4.0,High,4.0,Considerable,3.0
436,2014-02-14,High,4.0,High,4.0,Considerable,3.0
437,2014-02-15,Considerable,3.0,Considerable,3.0,Considerable,3.0
438,2014-02-16,High,4.0,High,4.0,Considerable,3.0
439,2014-02-17,High,4.0,High,4.0,Considerable,3.0
440,2014-02-18,High,4.0,High,4.0,Considerable,3.0
441,2014-02-19,High,4.0,High,4.0,Considerable,3.0
442,2014-02-20,High,4.0,High,4.0,Considerable,3.0
443,2014-02-21,Considerable,3.0,Considerable,3.0,Moderate,2.0
444,2014-02-22,High,4.0,Considerable,3.0,Moderate,2.0
445,2014-02-23,High,4.0,Considerable,3.0,Considerable,3.0
446,2014-02-24,Considerable,3.0,Considerable,3.0,Considerable,3.0
447,2014-02-25,High,4.0,High,4.0,Considerable,3.0
448,2014-02-26,Considerable,3.0,Considerable,3.0,Considerable,3.0
449,2014-02-27,Considerable,3.0,Considerable,3.0,Moderate,2.0
450,2014-02-28,Considerable,3.0,Moderate,2.0,Low,1.0
451,2014-03-01,Considerable,3.0,Moderate,2.0,Low,1.0
452,2014-03-02,Considerable,3.0,Moderate,2.0,Low,1.0
453,2014-03-03,Considerable,3.0,Considerable,3.0,Moderate,2.0
454,2014-03-04,Considerable,3.0,Moderate,2.0,Moderate,2.0
455,2014-03-05,Considerable,3.0,Considerable,3.0,Considerable,3.0
456,2014-03-06,High,4.0,Considerable,3.0,Considerable,3.0
457,2014-03-07,Considerable,3.0,Considerable,3.0,Moderate,2.0
458,2014-03-08,High,4.0,High,4.0,Considerable,3.0
459,2014-03-09,High,4.0,High,4.0,Considerable,3.0
460,2014-03-10,Considerable,3.0,Considerable,3.0,Moderate,2.0
461,2014-03-11,Considerable,3.0,Moderate,2.0,Moderate,2.0
462,2014-03-12,Considerable,3.0,Moderate,2.0,Moderate,2.0
463,2014-03-13,Moderate,2.0,Moderate,2.0,Low,1.0
464,2014-03-14,Considerable,3.0,Moderate,2.0,Low,1.0
465,2014-03-15,High,4.0,High,4.0,Considerable,3.0
466,2014-03-16,High,4.0,High,4.0,High,4.0
467,2014-03-17,Considerable,3.0,Considerable,3.0,Moderate,2.0
468,2014-03-18,Considerable,3.0,Considerable,3.0,Moderate,2.0
469,2014-03-19,Considerable,3.0,Considerable,3.0,Moderate,2.0
470,2014-03-20,Considerable,3.0,Considerable,3.0,Moderate,2.0
471,2014-03-21,Moderate,2.0,Moderate,2.0,Low,1.0
472,2014-03-22,Moderate,2.0,Moderate,2.0,Low,1.0
473,2014-03-23,Moderate,2.0,Moderate,2.0,Low,1.0
474,2014-03-24,Moderate,2.0,Moderate,2.0,Low,1.0
475,2014-03-25,Considerable,3.0,Moderate,2.0,Low,1.0
476,2014-03-26,Moderate,2.0,Moderate,2.0,Low,1.0
477,2014-03-27,Moderate,2.0,Moderate,2.0,Low,1.0
478,2014-03-28,Considerable,3.0,Moderate,2.0,Moderate,2.0
479,2014-03-29,High,4.0,Considerable,3.0,Moderate,2.0
480,2014-03-30,Considerable,3.0,Considerable,3.0,Moderate,2.0
481,2014-03-31,Considerable,3.0,Moderate,2.0,Moderate,2.0
482,2014-04-01,Considerable,3.0,Moderate,2.0,Moderate,2.0
483,2014-04-02,Considerable,3.0,Moderate,2.0,Moderate,2.0
484,2014-04-03,Moderate,2.0,Moderate,2.0,Low,1.0
485,2014-04-04,High,4.0,High,4.0,Considerable,3.0
486,2014-04-05,Considerable,3.0,Moderate,2.0,Moderate,2.0
487,2014-04-06,Considerable,3.0,Considerable,3.0,Moderate,2.0
488,2014-04-07,Considerable,3.0,Considerable,3.0,Moderate,2.0
489,2014-04-08,Considerable,3.0,Considerable,3.0,Considerable,3.0
490,2014-04-09,Considerable,3.0,Moderate,2.0,Moderate,2.0
491,2014-04-10,Moderate,2.0,Moderate,2.0,Low,1.0
492,2014-04-11,Moderate,2.0,Moderate,2.0,Low,1.0
493,2014-04-12,Moderate,2.0,Low,1.0,Low,1.0
494,2014-04-13,Moderate,2.0,Low,1.0,Low,1.0
495,2014-04-14,Moderate,2.0,Low,1.0,Low,1.0
496,2014-04-15,Moderate,2.0,Low,1.0,Low,1.0
497,2014-04-16,Low,1.0,Low,1.0,Low,1.0
498,2014-04-17,Considerable,3.0,Moderate,2.0,Low,1.0
499,2014-04-18,Considerable,3.0,Moderate,2.0,Low,1.0
500,2014-04-19,Considerable,3.0,Considerable,3.0,Moderate,2.0
501,2014-04-20,Considerable,3.0,Considerable,3.0,Moderate,2.0
502,2014-04-21,Considerable,3.0,Moderate,2.0,Low,1.0
503,2014-04-22,Moderate,2.0,Moderate,2.0,Low,1.0
504,2014-04-23,Moderate,2.0,Moderate,2.0,Low,1.0
505,2014-04-24,Moderate,2.0,Moderate,2.0,Low,1.0
506,2014-04-25,Moderate,2.0,Moderate,2.0,Low,1.0
539,2014-11-28,Considerable,3.0,Moderate,2.0,Low,1.0
540,2014-11-29,Moderate,2.0,Moderate,2.0,Low,1.0
541,2014-11-30,Moderate,2.0,Low,1.0,Low,1.0
542,2014-12-01,Moderate,2.0,Low,1.0,Low,1.0
543,2014-12-02,Moderate,2.0,Low,1.0,Low,1.0
544,2014-12-03,Moderate,2.0,Low,1.0,Low,1.0
545,2014-12-04,Moderate,2.0,Low,1.0,Low,1.0
546,2014-12-05,Moderate,2.0,Moderate,2.0,Low,1.0
547,2014-12-06,Considerable,3.0,Moderate,2.0,Low,1.0
548,2014-12-07,Moderate,2.0,Moderate,2.0,Low,1.0
549,2014-12-08,Considerable,3.0,Moderate,2.0,Low,1.0
550,2014-12-09,High,4.0,High,4.0,Low,1.0
551,2014-12-10,High,4.0,Considerable,3.0,Low,1.0
552,2014-12-11,Considerable,3.0,Considerable,3.0,Low,1.0
553,2014-12-12,Considerable,3.0,Moderate,2.0,Low,1.0
554,2014-12-13,Considerable,3.0,Moderate,2.0,Low,1.0
555,2014-12-14,Moderate,2.0,Moderate,2.0,Low,1.0
556,2014-12-15,Moderate,2.0,Moderate,2.0,Low,1.0
557,2014-12-16,Moderate,2.0,Low,1.0,Low,1.0
558,2014-12-17,Moderate,2.0,Low,1.0,Low,1.0
559,2014-12-18,Moderate,2.0,Moderate,2.0,Low,1.0
560,2014-12-19,Considerable,3.0,Moderate,2.0,Low,1.0
561,2014-12-20,High,4.0,Considerable,3.0,Moderate,2.0
562,2014-12-21,High,4.0,High,4.0,Moderate,2.0
563,2014-12-22,Considerable,3.0,Considerable,3.0,Moderate,2.0
564,2014-12-23,Considerable,3.0,Considerable,3.0,Moderate,2.0
565,2014-12-24,Considerable,3.0,Considerable,3.0,Moderate,2.0
566,2014-12-25,Considerable,3.0,Considerable,3.0,Moderate,2.0
567,2014-12-26,Considerable,3.0,Considerable,3.0,Moderate,2.0
568,2014-12-27,Considerable,3.0,Moderate,2.0,Low,1.0
569,2014-12-28,Moderate,2.0,Moderate,2.0,Low,1.0
570,2014-12-29,Moderate,2.0,Moderate,2.0,Low,1.0
571,2014-12-30,Moderate,2.0,Low,1.0,Low,1.0
572,2014-12-31,Moderate,2.0,Moderate,2.0,Low,1.0
573,2015-01-01,Considerable,3.0,Moderate,2.0,Low,1.0
574,2015-01-02,Considerable,3.0,Moderate,2.0,Low,1.0
575,2015-01-03,Moderate,2.0,Moderate,2.0,Low,1.0
576,2015-01-04,High,4.0,Considerable,3.0,Considerable,3.0
577,2015-01-05,High,4.0,High,4.0,High,4.0
578,2015-01-06,High,4.0,Considerable,3.0,Moderate,2.0
579,2015-01-07,Considerable,3.0,Considerable,3.0,Moderate,2.0
580,2015-01-08,Moderate,2.0,Moderate,2.0,Low,1.0
581,2015-01-09,Moderate,2.0,Moderate,2.0,Low,1.0
582,2015-01-10,Moderate,2.0,Low,1.0,Low,1.0
583,2015-01-11,Moderate,2.0,Low,1.0,Low,1.0
584,2015-01-12,Low,1.0,Low,1.0,Low,1.0
585,2015-01-13,Low,1.0,Low,1.0,Low,1.0
586,2015-01-14,Low,1.0,Low,1.0,Low,1.0
587,2015-01-15,Low,1.0,Low,1.0,Low,1.0
588,2015-01-16,Considerable,3.0,Moderate,2.0,Low,1.0
589,2015-01-17,Moderate,2.0,Moderate,2.0,Low,1.0
590,2015-01-18,Considerable,3.0,Considerable,3.0,Moderate,2.0
591,2015-01-19,Considerable,3.0,Considerable,3.0,Moderate,2.0
592,2015-01-20,Considerable,3.0,Moderate,2.0,Moderate,2.0
593,2015-01-21,Considerable,3.0,Moderate,2.0,Low,1.0
594,2015-01-22,Moderate,2.0,Moderate,2.0,Low,1.0
595,2015-01-23,Considerable,3.0,Considerable,3.0,Considerable,3.0
596,2015-01-24,High,4.0,High,4.0,Considerable,3.0
597,2015-01-25,High,4.0,High,4.0,Considerable,3.0
598,2015-01-26,Considerable,3.0,Moderate,2.0,Moderate,2.0
599,2015-01-27,Moderate,2.0,Moderate,2.0,Low,1.0
600,2015-01-28,Moderate,2.0,Low,1.0,Low,1.0
601,2015-01-29,Moderate,2.0,Low,1.0,Low,1.0
602,2015-01-30,Low,1.0,Low,1.0,Low,1.0
603,2015-01-31,Low,1.0,Low,1.0,Low,1.0
604,2015-02-01,Moderate,2.0,Low,1.0,Low,1.0
605,2015-02-02,Considerable,3.0,Moderate,2.0,Low,1.0
606,2015-02-03,Moderate,2.0,Moderate,2.0,Low,1.0
607,2015-02-04,Moderate,2.0,Moderate,2.0,Low,1.0
608,2015-02-05,Considerable,3.0,Considerable,3.0,Considerable,3.0
609,2015-02-06,High,4.0,Considerable,3.0,Moderate,2.0
610,2015-02-07,Considerable,3.0,Considerable,3.0,Moderate,2.0
611,2015-02-08,High,4.0,Considerable,3.0,Moderate,2.0
612,2015-02-09,Considerable,3.0,Considerable,3.0,Moderate,2.0
613,2015-02-10,Considerable,3.0,Moderate,2.0,Moderate,2.0
614,2015-02-11,Considerable,3.0,Moderate,2.0,Moderate,2.0
615,2015-02-12,Considerable,3.0,Considerable,3.0,Moderate,2.0
616,2015-02-13,Considerable,3.0,Considerable,3.0,Moderate,2.0
617,2015-02-14,Moderate,2.0,Low,1.0,Low,1.0
618,2015-02-15,Moderate,2.0,Low,1.0,Low,1.0
619,2015-02-16,Moderate,2.0,Low,1.0,Low,1.0
620,2015-02-17,Low,1.0,Low,1.0,Low,1.0
621,2015-02-18,Low,1.0,Low,1.0,Low,1.0
622,2015-02-19,Moderate,2.0,Low,1.0,Low,1.0
623,2015-02-20,Low,1.0,Low,1.0,Low,1.0
624,2015-02-21,Low,1.0,Low,1.0,Low,1.0
625,2015-02-22,Moderate,2.0,Low,1.0,Low,1.0
626,2015-02-23,Moderate,2.0,Low,1.0,Low,1.0
627,2015-02-24,Low,1.0,Low,1.0,Low,1.0
628,2015-02-25,Low,1.0,Low,1.0,Low,1.0
629,2015-02-26,Low,1.0,Low,1.0,Low,1.0
630,2015-02-27,Low,1.0,Low,1.0,Low,1.0
631,2015-02-28,Low,1.0,Low,1.0,Low,1.0
632,2015-03-01,Low,1.0,Low,1.0,Low,1.0
633,2015-03-02,Low,1.0,Low,1.0,Low,1.0
634,2015-03-03,Low,1.0,Low,1.0,Low,1.0
635,2015-03-04,Low,1.0,Low,1.0,Low,1.0
636,2015-03-05,Low,1.0,Low,1.0,Low,1.0
637,2015-03-06,Low,1.0,Low,1.0,Low,1.0
638,2015-03-07,Low,1.0,Low,1.0,Low,1.0
639,2015-03-08,Low,1.0,Low,1.0,Low,1.0
640,2015-03-09,Low,1.0,Low,1.0,Low,1.0
641,2015-03-10,Low,1.0,Low,1.0,Low,1.0
642,2015-03-11,Moderate,2.0,Low,1.0,Low,1.0
643,2015-03-12,Moderate,2.0,Low,1.0,Low,1.0
644,2015-03-13,Moderate,2.0,Moderate,2.0,Low,1.0
645,2015-03-14,Considerable,3.0,Moderate,2.0,Low,1.0
646,2015-03-15,Moderate,2.0,Moderate,2.0,Low,1.0
647,2015-03-16,Moderate,2.0,Moderate,2.0,Low,1.0
648,2015-03-17,Moderate,2.0,Moderate,2.0,Low,1.0
649,2015-03-18,Moderate,2.0,Moderate,2.0,Low,1.0
650,2015-03-19,Considerable,3.0,Moderate,2.0,Low,1.0
651,2015-03-20,Considerable,3.0,Considerable,3.0,Low,1.0
652,2015-03-21,High,4.0,Considerable,3.0,Low,1.0
653,2015-03-22,Considerable,3.0,Moderate,2.0,Low,1.0
654,2015-03-23,Considerable,3.0,Considerable,3.0,Low,1.0
655,2015-03-24,Considerable,3.0,Moderate,2.0,Low,1.0
656,2015-03-25,Considerable,3.0,Moderate,2.0,Low,1.0
657,2015-03-26,Considerable,3.0,Considerable,3.0,Low,1.0
658,2015-03-27,High,4.0,Considerable,3.0,Low,1.0
659,2015-03-28,Considerable,3.0,Considerable,3.0,Low,1.0
660,2015-03-29,High,4.0,Considerable,3.0,Low,1.0
661,2015-03-30,High,4.0,High,4.0,Moderate,2.0
662,2015-03-31,High,4.0,Considerable,3.0,Low,1.0
663,2015-04-01,Considerable,3.0,Moderate,2.0,Low,1.0
664,2015-04-02,Considerable,3.0,Moderate,2.0,Low,1.0
665,2015-04-03,Considerable,3.0,Moderate,2.0,Low,1.0
666,2015-04-04,Considerable,3.0,Moderate,2.0,Low,1.0
667,2015-04-05,Moderate,2.0,Moderate,2.0,Low,1.0
668,2015-04-06,Moderate,2.0,Low,1.0,Low,1.0
670,2015-04-08,Moderate,2.0,Low,1.0,Low,1.0
671,2015-04-09,Moderate,2.0,Low,1.0,Low,1.0
672,2015-04-10,Moderate,2.0,Low,1.0,Low,1.0
673,2015-04-11,Considerable,3.0,Moderate,2.0,Low,1.0
674,2015-04-12,Considerable,3.0,Moderate,2.0,Low,1.0
675,2015-04-13,Considerable,3.0,Moderate,2.0,Low,1.0
676,2015-04-14,Considerable,3.0,Moderate,2.0,Low,1.0
677,2015-04-15,Moderate,2.0,Moderate,2.0,Low,1.0
678,2015-04-16,Considerable,3.0,Moderate,2.0,Low,1.0
679,2015-04-17,Moderate,2.0,Moderate,2.0,Low,1.0
680,2015-04-18,Considerable,3.0,Moderate,2.0,Low,1.0
681,2015-04-19,Considerable,3.0,Considerable,3.0,Low,1.0
682,2015-04-20,Considerable,3.0,Considerable,3.0,Low,1.0
695,2015-11-03,Moderate,2.0,Moderate,2.0,Low,1.0
696,2015-11-04,Moderate,2.0,Moderate,2.0,Low,1.0
697,2015-11-05,Moderate,2.0,Moderate,2.0,Low,1.0
698,2015-11-06,Moderate,2.0,Moderate,2.0,Low,1.0
699,2015-11-07,Moderate,2.0,Moderate,2.0,Low,1.0
700,2015-11-08,Moderate,2.0,Moderate,2.0,Low,1.0
701,2015-11-09,Moderate,2.0,Moderate,2.0,Low,1.0
702,2015-11-10,Moderate,2.0,Moderate,2.0,Low,1.0
723,2015-12-01,Considerable,3.0,Moderate,2.0,Low,1.0
724,2015-12-02,High,4.0,Considerable,3.0,Moderate,2.0
725,2015-12-03,High,4.0,Considerable,3.0,Moderate,2.0
726,2015-12-04,Considerable,3.0,Considerable,3.0,Moderate,2.0
727,2015-12-05,High,4.0,Considerable,3.0,Moderate,2.0
728,2015-12-06,High,4.0,High,4.0,Moderate,2.0
729,2015-12-07,High,4.0,High,4.0,Moderate,2.0
730,2015-12-08,High,4.0,High,4.0,Moderate,2.0
736,2015-12-14,Considerable,3.0,Moderate,2.0,Low,1.0
737,2015-12-15,Moderate,2.0,Moderate,2.0,Low,1.0
738,2015-12-16,Moderate,2.0,Low,1.0,Low,1.0
739,2015-12-17,Moderate,2.0,Moderate,2.0,Low,1.0
740,2015-12-18,Considerable,3.0,Considerable,3.0,Moderate,2.0
741,2015-12-19,Considerable,3.0,Moderate,2.0,Moderate,2.0
742,2015-12-20,High,4.0,Considerable,3.0,Considerable,3.0
743,2015-12-21,Considerable,3.0,Considerable,3.0,Moderate,2.0
744,2015-12-22,Considerable,3.0,Considerable,3.0,Moderate,2.0
745,2015-12-23,Moderate,2.0,Moderate,2.0,Low,1.0
746,2015-12-24,Moderate,2.0,Moderate,2.0,Moderate,2.0
747,2015-12-25,Moderate,2.0,Moderate,2.0,Low,1.0
748,2015-12-26,Moderate,2.0,Moderate,2.0,Low,1.0
749,2015-12-27,Moderate,2.0,Moderate,2.0,Low,1.0
750,2015-12-28,Moderate,2.0,Moderate,2.0,Low,1.0
751,2015-12-29,Moderate,2.0,Low,1.0,Low,1.0
752,2015-12-30,Moderate,2.0,Low,1.0,Low,1.0
753,2015-12-31,Moderate,2.0,Low,1.0,Low,1.0
754,2016-01-01,Moderate,2.0,Low,1.0,Low,1.0
755,2016-01-02,Low,1.0,Low,1.0,Low,1.0
756,2016-01-03,Low,1.0,Low,1.0,Low,1.0
757,2016-01-04,Moderate,2.0,Low,1.0,Low,1.0
758,2016-01-05,Moderate,2.0,Moderate,2.0,Low,1.0
759,2016-01-06,Moderate,2.0,Low,1.0,Low,1.0
760,2016-01-07,Moderate,2.0,Low,1.0,Low,1.0
761,2016-01-08,Low,1.0,Low,1.0,Low,1.0
762,2016-01-09,Low,1.0,Low,1.0,Low,1.0
763,2016-01-10,Low,1.0,Low,1.0,Low,1.0
764,2016-01-11,Low,1.0,Low,1.0,Low,1.0
765,2016-01-12,Considerable,3.0,Moderate,2.0,Moderate,2.0
766,2016-01-13,High,4.0,High,4.0,Considerable,3.0
767,2016-01-14,Considerable,3.0,Considerable,3.0,Considerable,3.0
768,2016-01-15,Considerable,3.0,Moderate,2.0,Moderate,2.0
769,2016-01-16,Considerable,3.0,Considerable,3.0,Considerable,3.0
770,2016-01-17,High,4.0,High,4.0,Considerable,3.0
771,2016-01-18,High,4.0,Considerable,3.0,Moderate,2.0
772,2016-01-19,Considerable,3.0,Considerable,3.0,Moderate,2.0
773,2016-01-20,Considerable,3.0,Moderate,2.0,Moderate,2.0
774,2016-01-21,High,4.0,High,4.0,High,4.0
775,2016-01-22,Considerable,3.0,Considerable,3.0,Moderate,2.0
776,2016-01-23,Considerable,3.0,Moderate,2.0,Low,1.0
777,2016-01-24,Considerable,3.0,Moderate,2.0,Low,1.0
778,2016-01-25,Moderate,2.0,Moderate,2.0,Low,1.0
779,2016-01-26,Considerable,3.0,Moderate,2.0,Moderate,2.0
780,2016-01-27,High,4.0,Considerable,3.0,Moderate,2.0
781,2016-01-28,High,4.0,High,4.0,Considerable,3.0
782,2016-01-29,Considerable,3.0,Considerable,3.0,Moderate,2.0
783,2016-01-30,Considerable,3.0,Moderate,2.0,Low,1.0
784,2016-01-31,Considerable,3.0,Moderate,2.0,Low,1.0
785,2016-02-01,Moderate,2.0,Moderate,2.0,Moderate,2.0
786,2016-02-02,Moderate,2.0,Moderate,2.0,Low,1.0
787,2016-02-03,Considerable,3.0,Moderate,2.0,Moderate,2.0
788,2016-02-04,Considerable,3.0,Moderate,2.0,Low,1.0
789,2016-02-05,Considerable,3.0,Considerable,3.0,Moderate,2.0
790,2016-02-06,High,4.0,Considerable,3.0,Considerable,3.0
791,2016-02-07,Considerable,3.0,Considerable,3.0,Moderate,2.0
792,2016-02-08,High,4.0,Considerable,3.0,Moderate,2.0
793,2016-02-09,Considerable,3.0,Considerable,3.0,Considerable,3.0
794,2016-02-10,Moderate,2.0,Moderate,2.0,Moderate,2.0
795,2016-02-11,Moderate,2.0,Moderate,2.0,Low,1.0
796,2016-02-12,Moderate,2.0,Moderate,2.0,Low,1.0
797,2016-02-13,Moderate,2.0,Moderate,2.0,Low,1.0
798,2016-02-14,Considerable,3.0,Considerable,3.0,Moderate,2.0
799,2016-02-15,Moderate,2.0,Moderate,2.0,Low,1.0
800,2016-02-16,Considerable,3.0,Considerable,3.0,Moderate,2.0
801,2016-02-17,Considerable,3.0,Considerable,3.0,Moderate,2.0
802,2016-02-18,Considerable,3.0,Moderate,2.0,Low,1.0
803,2016-02-19,Considerable,3.0,Considerable,3.0,Considerable,3.0
804,2016-02-20,Considerable,3.0,Moderate,2.0,Moderate,2.0
805,2016-02-21,Moderate,2.0,Moderate,2.0,Low,1.0
806,2016-02-22,Moderate,2.0,Moderate,2.0,Low,1.0
807,2016-02-23,Moderate,2.0,Moderate,2.0,Low,1.0
808,2016-02-24,Moderate,2.0,Moderate,2.0,Low,1.0
809,2016-02-25,Moderate,2.0,Low,1.0,Low,1.0
810,2016-02-26,Moderate,2.0,Moderate,2.0,Low,1.0
811,2016-02-27,Moderate,2.0,Low,1.0,Low,1.0
812,2016-02-28,Moderate,2.0,Low,1.0,Low,1.0
813,2016-02-29,Moderate,2.0,Moderate,2.0,Low,1.0
814,2016-03-01,Considerable,3.0,Considerable,3.0,Moderate,2.0
815,2016-03-02,High,4.0,Considerable,3.0,Considerable,3.0
816,2016-03-03,Considerable,3.0,Considerable,3.0,Moderate,2.0
817,2016-03-04,Considerable,3.0,Considerable,3.0,Considerable,3.0
818,2016-03-05,High,4.0,High,4.0,Moderate,2.0
819,2016-03-06,Considerable,3.0,Considerable,3.0,Moderate,2.0
820,2016-03-07,Moderate,2.0,Moderate,2.0,Low,1.0
821,2016-03-08,Moderate,2.0,Moderate,2.0,Low,1.0
822,2016-03-09,Considerable,3.0,Moderate,2.0,Low,1.0
823,2016-03-10,High,4.0,High,4.0,Considerable,3.0
824,2016-03-11,Considerable,3.0,Moderate,2.0,Moderate,2.0
825,2016-03-12,Considerable,3.0,Considerable,3.0,Moderate,2.0
826,2016-03-13,Considerable,3.0,Considerable,3.0,Moderate,2.0
827,2016-03-14,Considerable,3.0,Moderate,2.0,Moderate,2.0
828,2016-03-15,Moderate,2.0,Moderate,2.0,Low,1.0
829,2016-03-16,Moderate,2.0,Moderate,2.0,Low,1.0
830,2016-03-17,Moderate,2.0,Moderate,2.0,Low,1.0
831,2016-03-18,Considerable,3.0,Moderate,2.0,Low,1.0
832,2016-03-19,Moderate,2.0,Moderate,2.0,Low,1.0
833,2016-03-20,Moderate,2.0,Moderate,2.0,Low,1.0
834,2016-03-21,Moderate,2.0,Moderate,2.0,Low,1.0
835,2016-03-22,Moderate,2.0,Moderate,2.0,Low,1.0
836,2016-03-23,Considerable,3.0,Moderate,2.0,Low,1.0
837,2016-03-24,Considerable,3.0,Moderate,2.0,Low,1.0
838,2016-03-25,Considerable,3.0,Considerable,3.0,Moderate,2.0
839,2016-03-26,Moderate,2.0,Moderate,2.0,Low,1.0
840,2016-03-27,Considerable,3.0,Considerable,3.0,Moderate,2.0
841,2016-03-28,Considerable,3.0,Moderate,2.0,Low,1.0
842,2016-03-29,Moderate,2.0,Moderate,2.0,Low,1.0
843,2016-03-30,Moderate,2.0,Moderate,2.0,Moderate,2.0
844,2016-03-31,Moderate,2.0,Moderate,2.0,Moderate,2.0
845,2016-04-01,Considerable,3.0,Moderate,2.0,Moderate,2.0
846,2016-04-02,Moderate,2.0,Moderate,2.0,Moderate,2.0
847,2016-04-03,Moderate,2.0,Moderate,2.0,Low,1.0
848,2016-04-04,Considerable,3.0,Considerable,3.0,Moderate,2.0
849,2016-04-05,Moderate,2.0,Moderate,2.0,Moderate,2.0
850,2016-04-06,Considerable,3.0,Moderate,2.0,Moderate,2.0
851,2016-04-07,Considerable,3.0,Considerable,3.0,Moderate,2.0
852,2016-04-08,Considerable,3.0,Considerable,3.0,Moderate,2.0
853,2016-04-09,Considerable,3.0,Moderate,2.0,Low,1.0
900,2016-11-26,Moderate,2.0,Moderate,2.0,Low,1.0
901,2016-11-27,Considerable,3.0,Moderate,2.0,Low,1.0
902,2016-11-28,Moderate,2.0,Moderate,2.0,Low,1.0
903,2016-11-29,Moderate,2.0,Moderate,2.0,Low,1.0
904,2016-11-30,Moderate,2.0,Moderate,2.0,Low,1.0
905,2016-12-01,Considerable,3.0,Considerable,3.0,Moderate,2.0
906,2016-12-02,Considerable,3.0,Considerable,3.0,Moderate,2.0
907,2016-12-03,Considerable,3.0,Considerable,3.0,Moderate,2.0
908,2016-12-04,Considerable,3.0,Moderate,2.0,Low,1.0
909,2016-12-05,Considerable,3.0,Moderate,2.0,Low,1.0
910,2016-12-06,Moderate,2.0,Low,1.0,Low,1.0
911,2016-12-07,Moderate,2.0,Low,1.0,Low,1.0
912,2016-12-08,Moderate,2.0,Low,1.0,Low,1.0
913,2016-12-09,Considerable,3.0,Moderate,2.0,Low,1.0
914,2016-12-10,Considerable,3.0,Moderate,2.0,Low,1.0
915,2016-12-11,Moderate,2.0,Moderate,2.0,Low,1.0
916,2016-12-12,Moderate,2.0,Low,1.0,Low,1.0
917,2016-12-13,Moderate,2.0,Low,1.0,Low,1.0
918,2016-12-14,Moderate,2.0,Low,1.0,Low,1.0
919,2016-12-15,Moderate,2.0,Low,1.0,Low,1.0
920,2016-12-16,Moderate,2.0,Moderate,2.0,Low,1.0
921,2016-12-17,Moderate,2.0,Moderate,2.0,Low,1.0
922,2016-12-18,Considerable,3.0,Moderate,2.0,Low,1.0
923,2016-12-19,Considerable,3.0,Considerable,3.0,Moderate,2.0
924,2016-12-20,Considerable,3.0,Considerable,3.0,Moderate,2.0
925,2016-12-21,High,4.0,Considerable,3.0,Considerable,3.0
926,2016-12-22,Considerable,3.0,Considerable,3.0,Moderate,2.0
927,2016-12-23,Considerable,3.0,Moderate,2.0,Moderate,2.0
928,2016-12-24,Moderate,2.0,Moderate,2.0,Low,1.0
929,2016-12-25,Moderate,2.0,Low,1.0,Low,1.0
930,2016-12-26,Considerable,3.0,Considerable,3.0,Moderate,2.0
931,2016-12-27,Considerable,3.0,Considerable,3.0,Moderate,2.0
932,2016-12-28,Considerable,3.0,Considerable,3.0,Considerable,3.0
933,2016-12-29,Considerable,3.0,Considerable,3.0,Considerable,3.0
934,2016-12-30,Considerable,3.0,Moderate,2.0,Moderate,2.0
935,2016-12-31,Considerable,3.0,Moderate,2.0,Moderate,2.0
936,2017-01-01,Moderate,2.0,Moderate,2.0,Low,1.0
937,2017-01-02,Moderate,2.0,Moderate,2.0,Low,1.0
938,2017-01-03,Moderate,2.0,Moderate,2.0,Low,1.0
939,2017-01-04,Moderate,2.0,Low,1.0,Low,1.0
940,2017-01-05,Moderate,2.0,Low,1.0,Low,1.0
941,2017-01-06,Moderate,2.0,Low,1.0,Low,1.0
942,2017-01-07,Moderate,2.0,Low,1.0,Low,1.0
943,2017-01-08,Moderate,2.0,Low,1.0,Low,1.0
944,2017-01-09,Moderate,2.0,Moderate,2.0,Low,1.0
945,2017-01-10,Moderate,2.0,Low,1.0,Low,1.0
946,2017-01-11,Moderate,2.0,Low,1.0,Low,1.0
947,2017-01-12,Moderate,2.0,Moderate,2.0,Low,1.0
948,2017-01-13,Moderate,2.0,Low,1.0,Low,1.0
949,2017-01-14,Moderate,2.0,Moderate,2.0,Low,1.0
950,2017-01-15,Moderate,2.0,Moderate,2.0,Low,1.0
951,2017-01-16,Moderate,2.0,Moderate,2.0,Low,1.0
952,2017-01-17,Considerable,3.0,Considerable,3.0,Moderate,2.0
953,2017-01-18,High,4.0,High,4.0,Considerable,3.0
954,2017-01-19,High,4.0,High,4.0,Considerable,3.0
955,2017-01-20,Considerable,3.0,Considerable,3.0,Considerable,3.0
956,2017-01-21,Considerable,3.0,Considerable,3.0,Moderate,2.0
957,2017-01-22,Considerable,3.0,Considerable,3.0,Moderate,2.0
958,2017-01-23,Considerable,3.0,Considerable,3.0,Moderate,2.0
959,2017-01-24,Moderate,2.0,Moderate,2.0,Low,1.0
960,2017-01-25,Moderate,2.0,Moderate,2.0,Low,1.0
961,2017-01-26,Moderate,2.0,Low,1.0,Low,1.0
962,2017-01-27,Moderate,2.0,Low,1.0,Low,1.0
963,2017-01-28,Moderate,2.0,Moderate,2.0,Low,1.0
964,2017-01-29,Moderate,2.0,Moderate,2.0,Low,1.0
965,2017-01-30,Moderate,2.0,Low,1.0,Low,1.0
966,2017-01-31,Moderate,2.0,Low,1.0,Low,1.0
967,2017-02-01,Moderate,2.0,Low,1.0,Low,1.0
968,2017-02-02,Moderate,2.0,Low,1.0,Low,1.0
969,2017-02-03,Moderate,2.0,Low,1.0,Low,1.0
970,2017-02-04,Moderate,2.0,Moderate,2.0,Low,1.0
971,2017-02-05,Considerable,3.0,Considerable,3.0,Moderate,2.0
972,2017-02-06,Considerable,3.0,Considerable,3.0,Moderate,2.0
973,2017-02-07,Moderate,2.0,Moderate,2.0,Moderate,2.0
974,2017-02-08,High,4.0,Considerable,3.0,Considerable,3.0
975,2017-02-09,High,4.0,Considerable,3.0,Considerable,3.0
976,2017-02-10,Considerable,3.0,Considerable,3.0,Considerable,3.0
977,2017-02-11,Considerable,3.0,Considerable,3.0,Considerable,3.0
978,2017-02-12,Moderate,2.0,Low,1.0,Low,1.0
979,2017-02-13,Moderate,2.0,Low,1.0,Low,1.0
980,2017-02-14,Considerable,3.0,Considerable,3.0,Moderate,2.0
981,2017-02-15,High,4.0,High,4.0,Considerable,3.0
982,2017-02-16,High,4.0,High,4.0,Considerable,3.0
983,2017-02-17,High,4.0,High,4.0,Considerable,3.0
984,2017-02-18,Moderate,2.0,Moderate,2.0,Low,1.0
985,2017-02-19,Moderate,2.0,Moderate,2.0,Low,1.0
986,2017-02-20,Moderate,2.0,Moderate,2.0,Low,1.0
987,2017-02-21,Moderate,2.0,Low,1.0,Low,1.0
988,2017-02-22,Moderate,2.0,Low,1.0,Low,1.0
989,2017-02-23,Moderate,2.0,Low,1.0,Low,1.0
990,2017-02-24,Moderate,2.0,Low,1.0,Low,1.0
991,2017-02-25,Moderate,2.0,Low,1.0,Low,1.0
992,2017-02-26,Moderate,2.0,Low,1.0,Low,1.0
993,2017-02-27,Low,1.0,Low,1.0,Low,1.0
994,2017-02-28,Low,1.0,Low,1.0,Low,1.0
995,2017-03-01,Moderate,2.0,Moderate,2.0,Low,1.0
996,2017-03-02,Considerable,3.0,Considerable,3.0,Low,1.0
997,2017-03-03,Considerable,3.0,Considerable,3.0,Low,1.0
998,2017-03-04,Considerable,3.0,Considerable,3.0,Moderate,2.0
999,2017-03-05,Considerable,3.0,Moderate,2.0,Low,1.0
1000,2017-03-06,Considerable,3.0,Moderate,2.0,Moderate,2.0
1001,2017-03-07,Considerable,3.0,Considerable,3.0,Moderate,2.0
1002,2017-03-08,Considerable,3.0,Moderate,2.0,Moderate,2.0
1003,2017-03-09,Considerable,3.0,Moderate,2.0,Moderate,2.0
1004,2017-03-10,High,4.0,High,4.0,Considerable,3.0
1005,2017-03-11,High,4.0,Considerable,3.0,Considerable,3.0
1006,2017-03-12,High,4.0,Considerable,3.0,Considerable,3.0
1007,2017-03-13,High,4.0,Considerable,3.0,Moderate,2.0
1008,2017-03-14,Considerable,3.0,Considerable,3.0,Moderate,2.0
1009,2017-03-15,High,4.0,Considerable,3.0,Moderate,2.0
1010,2017-03-16,Considerable,3.0,Considerable,3.0,Moderate,2.0
1011,2017-03-17,High,4.0,High,4.0,Considerable,3.0
1012,2017-03-18,High,4.0,High,4.0,Considerable,3.0
1013,2017-03-19,Considerable,3.0,Moderate,2.0,Low,1.0
1014,2017-03-20,Moderate,2.0,Moderate,2.0,Low,1.0
1015,2017-03-21,Considerable,3.0,Considerable,3.0,Moderate,2.0
1016,2017-03-22,Considerable,3.0,Considerable,3.0,Moderate,2.0
1017,2017-03-23,Considerable,3.0,Considerable,3.0,Low,1.0
1018,2017-03-24,Considerable,3.0,Considerable,3.0,Low,1.0
1019,2017-03-25,High,4.0,Considerable,3.0,Moderate,2.0
1020,2017-03-26,Considerable,3.0,Moderate,2.0,Low,1.0
1021,2017-03-27,Considerable,3.0,Considerable,3.0,Moderate,2.0
1022,2017-03-28,Considerable,3.0,Considerable,3.0,Moderate,2.0
1023,2017-03-29,Considerable,3.0,Moderate,2.0,Moderate,2.0
1024,2017-03-30,Considerable,3.0,Moderate,2.0,Low,1.0
1025,2017-03-31,Moderate,2.0,Moderate,2.0,Low,1.0
1026,2017-04-01,Moderate,2.0,Moderate,2.0,Low,1.0
1027,2017-04-02,Moderate,2.0,Moderate,2.0,Low,1.0
1028,2017-04-03,Moderate,2.0,Moderate,2.0,Low,1.0
1029,2017-04-04,Considerable,3.0,Considerable,3.0,Moderate,2.0
1030,2017-04-05,Considerable,3.0,Considerable,3.0,Moderate,2.0
1031,2017-04-06,High,4.0,Considerable,3.0,Moderate,2.0
1032,2017-04-07,Considerable,3.0,Moderate,2.0,Moderate,2.0
1033,2017-04-08,Moderate,2.0,Moderate,2.0,Low,1.0
1034,2017-04-09,Moderate,2.0,Low,1.0,Low,1.0
1035,2017-04-10,Moderate,2.0,Low,1.0,Low,1.0
1036,2017-04-11,Moderate,2.0,Low,1.0,Low,1.0
1037,2017-04-12,Moderate,2.0,Low,1.0,Low,1.0
1038,2017-04-13,Moderate,2.0,Moderate,2.0,Low,1.0
1039,2017-04-14,Moderate,2.0,Low,1.0,Low,1.0
1040,2017-04-15,Considerable,3.0,Moderate,2.0,Low,1.0
1041,2017-04-16,Moderate,2.0,Low,1.0,Low,1.0
1042,2017-04-17,Moderate,2.0,Low,1.0,Low,1.0
1043,2017-04-18,Moderate,2.0,Moderate,2.0,Low,1.0
1044,2017-04-19,Moderate,2.0,Moderate,2.0,Low,1.0
1045,2017-04-20,Moderate,2.0,Moderate,2.0,Low,1.0
1046,2017-04-21,Moderate,2.0,Low,1.0,Low,1.0
1047,2017-04-22,Moderate,2.0,Moderate,2.0,Low,1.0
1048,2017-04-23,Moderate,2.0,Low,1.0,Low,1.0
1049,2017-04-24,Moderate,2.0,Low,1.0,Low,1.0
1080,2017-11-25,Considerable,3.0,Considerable,3.0,Moderate,2.0
1081,2017-11-26,Considerable,3.0,Moderate,2.0,Low,1.0
1082,2017-11-27,Considerable,3.0,Moderate,2.0,Low,1.0
1083,2017-11-28,Considerable,3.0,Considerable,3.0,Moderate,2.0
1084,2017-11-29,Considerable,3.0,Considerable,3.0,Moderate,2.0
1085,2017-11-30,Considerable,3.0,Moderate,2.0,Low,1.0
1086,2017-12-01,Considerable,3.0,Moderate,2.0,Low,1.0
1087,2017-12-02,Considerable,3.0,Moderate,2.0,Low,1.0
1088,2017-12-03,Moderate,2.0,Low,1.0,Low,1.0
1089,2017-12-04,Moderate,2.0,Low,1.0,Low,1.0
1090,2017-12-05,Moderate,2.0,Low,1.0,Low,1.0
1091,2017-12-06,Moderate,2.0,Moderate,2.0,Moderate,2.0
1092,2017-12-07,Moderate,2.0,Moderate,2.0,Low,1.0
1093,2017-12-08,Low,1.0,Low,1.0,Low,1.0
1094,2017-12-09,Low,1.0,Low,1.0,Low,1.0
1095,2017-12-10,Low,1.0,Low,1.0,Low,1.0
1096,2017-12-11,Low,1.0,Low,1.0,Low,1.0
1097,2017-12-12,Low,1.0,Low,1.0,Low,1.0
1098,2017-12-13,Low,1.0,Low,1.0,Low,1.0
1099,2017-12-14,Low,1.0,Low,1.0,Low,1.0
1100,2017-12-15,Low,1.0,Low,1.0,Low,1.0
1101,2017-12-16,Moderate,2.0,Moderate,2.0,Low,1.0
1102,2017-12-17,Moderate,2.0,Moderate,2.0,Low,1.0
1103,2017-12-18,Moderate,2.0,Moderate,2.0,Low,1.0
1104,2017-12-19,Considerable,3.0,Considerable,3.0,Moderate,2.0
1105,2017-12-20,Moderate,2.0,Moderate,2.0,Low,1.0
1106,2017-12-21,Moderate,2.0,Moderate,2.0,Low,1.0
1107,2017-12-22,Considerable,3.0,Moderate,2.0,Low,1.0
1108,2017-12-23,Considerable,3.0,Moderate,2.0,Low,1.0
1109,2017-12-24,Considerable,3.0,Moderate,2.0,Low,1.0
1110,2017-12-25,Moderate,2.0,Moderate,2.0,Low,1.0
1111,2017-12-26,Moderate,2.0,Low,1.0,Low,1.0
1112,2017-12-27,Moderate,2.0,Low,1.0,Low,1.0
1113,2017-12-28,Considerable,3.0,Considerable,3.0,Moderate,2.0
1114,2017-12-29,Considerable,3.0,Considerable,3.0,Moderate,2.0
1115,2017-12-30,Moderate,2.0,Moderate,2.0,Moderate,2.0
1116,2017-12-31,Moderate,2.0,Moderate,2.0,Moderate,2.0
1117,2018-01-01,Moderate,2.0,Moderate,2.0,Moderate,2.0
1118,2018-01-02,Moderate,2.0,Moderate,2.0,Low,1.0
1119,2018-01-03,Moderate,2.0,Low,1.0,Low,1.0
1120,2018-01-04,Low,1.0,Low,1.0,Low,1.0
1121,2018-01-05,Moderate,2.0,Low,1.0,Low,1.0
1122,2018-01-06,Moderate,2.0,Moderate,2.0,Moderate,2.0
1123,2018-01-07,Moderate,2.0,Moderate,2.0,Low,1.0
1124,2018-01-08,Moderate,2.0,Moderate,2.0,Low,1.0
1125,2018-01-09,Moderate,2.0,Moderate,2.0,Low,1.0
1126,2018-01-10,Moderate,2.0,Moderate,2.0,Moderate,2.0
1127,2018-01-11,Considerable,3.0,Considerable,3.0,Moderate,2.0
1128,2018-01-12,Moderate,2.0,Moderate,2.0,Low,1.0
1129,2018-01-13,Considerable,3.0,Considerable,3.0,Moderate,2.0
1130,2018-01-14,Considerable,3.0,Considerable,3.0,Moderate,2.0
1131,2018-01-15,Moderate,2.0,Moderate,2.0,Low,1.0
1132,2018-01-16,Moderate,2.0,Moderate,2.0,Low,1.0
1133,2018-01-17,High,4.0,High,4.0,High,4.0
1134,2018-01-18,High,4.0,High,4.0,Considerable,3.0
1135,2018-01-19,High,4.0,Considerable,3.0,Considerable,3.0
1136,2018-01-20,Considerable,3.0,Considerable,3.0,Moderate,2.0
1137,2018-01-21,High,4.0,High,4.0,Considerable,3.0
1138,2018-01-22,Considerable,3.0,Considerable,3.0,Moderate,2.0
1139,2018-01-23,Considerable,3.0,Considerable,3.0,Moderate,2.0
1140,2018-01-24,High,4.0,Considerable,3.0,Moderate,2.0
1141,2018-01-25,Considerable,3.0,Considerable,3.0,Moderate,2.0
1142,2018-01-26,Considerable,3.0,Moderate,2.0,Moderate,2.0
1143,2018-01-27,Considerable,3.0,Considerable,3.0,Moderate,2.0
1144,2018-01-28,High,4.0,High,4.0,Considerable,3.0
1145,2018-01-29,High,4.0,High,4.0,Considerable,3.0
1146,2018-01-30,Considerable,3.0,Considerable,3.0,Moderate,2.0
1147,2018-01-31,Considerable,3.0,Moderate,2.0,Low,1.0
1148,2018-02-01,Moderate,2.0,Moderate,2.0,Low,1.0
1149,2018-02-02,Moderate,2.0,Moderate,2.0,Low,1.0
1150,2018-02-03,Considerable,3.0,Moderate,2.0,Low,1.0
1151,2018-02-04,Considerable,3.0,Moderate,2.0,Low,1.0
1152,2018-02-05,Moderate,2.0,Moderate,2.0,Low,1.0
1153,2018-02-06,Moderate,2.0,Moderate,2.0,Low,1.0
1154,2018-02-07,Moderate,2.0,Moderate,2.0,Low,1.0
1155,2018-02-08,Considerable,3.0,Considerable,3.0,Moderate,2.0
1156,2018-02-09,Considerable,3.0,Moderate,2.0,Moderate,2.0
1157,2018-02-10,Moderate,2.0,Moderate,2.0,Low,1.0
1158,2018-02-11,Moderate,2.0,Moderate,2.0,Low,1.0
1159,2018-02-12,Moderate,2.0,Moderate,2.0,Low,1.0
1160,2018-02-13,Moderate,2.0,Moderate,2.0,Low,1.0
1161,2018-02-14,Moderate,2.0,Moderate,2.0,Low,1.0
1162,2018-02-15,Moderate,2.0,Moderate,2.0,Low,1.0
1163,2018-02-16,Moderate,2.0,Moderate,2.0,Low,1.0
1164,2018-02-17,Considerable,3.0,Considerable,3.0,Moderate,2.0
1165,2018-02-18,Considerable,3.0,Moderate,2.0,Moderate,2.0
1166,2018-02-19,Considerable,3.0,Moderate,2.0,Low,1.0
1167,2018-02-20,Considerable,3.0,Moderate,2.0,Low,1.0
1168,2018-02-21,Moderate,2.0,Moderate,2.0,Low,1.0
1169,2018-02-22,Moderate,2.0,Moderate,2.0,Low,1.0
1170,2018-02-23,Moderate,2.0,Moderate,2.0,Low,1.0
1171,2018-02-24,Considerable,3.0,Considerable,3.0,Moderate,2.0
1172,2018-02-25,Considerable,3.0,Considerable,3.0,Moderate,2.0
1173,2018-02-26,Moderate,2.0,Moderate,2.0,Moderate,2.0
1174,2018-02-27,Moderate,2.0,Moderate,2.0,Low,1.0
1175,2018-02-28,Considerable,3.0,Considerable,3.0,Considerable,3.0
1176,2018-03-01,Considerable,3.0,Considerable,3.0,Considerable,3.0
1177,2018-03-02,Considerable,3.0,Moderate,2.0,Low,1.0
1178,2018-03-03,Considerable,3.0,Moderate,2.0,Low,1.0
1179,2018-03-04,Moderate,2.0,Moderate,2.0,Low,1.0
1180,2018-03-05,Moderate,2.0,Moderate,2.0,Low,1.0
1181,2018-03-06,Moderate,2.0,Low,1.0,Low,1.0
1182,2018-03-07,Moderate,2.0,Moderate,2.0,Moderate,2.0
1183,2018-03-08,Moderate,2.0,Moderate,2.0,Moderate,2.0
1184,2018-03-09,Considerable,3.0,Considerable,3.0,Moderate,2.0
1185,2018-03-10,Moderate,2.0,Moderate,2.0,Low,1.0
1186,2018-03-11,Moderate,2.0,Moderate,2.0,Moderate,2.0
1187,2018-03-12,Considerable,3.0,Considerable,3.0,Moderate,2.0
1188,2018-03-13,Moderate,2.0,Low,1.0,Low,1.0
1189,2018-03-14,Moderate,2.0,Low,1.0,Low,1.0
1190,2018-03-15,Moderate,2.0,Low,1.0,Low,1.0
1191,2018-03-16,Moderate,2.0,Low,1.0,Low,1.0
1192,2018-03-17,Moderate,2.0,Low,1.0,Low,1.0
1193,2018-03-18,Moderate,2.0,Low,1.0,Low,1.0
1194,2018-03-19,Moderate,2.0,Low,1.0,Low,1.0
1195,2018-03-20,Low,1.0,Low,1.0,Low,1.0
1196,2018-03-21,Low,1.0,Low,1.0,Low,1.0
1197,2018-03-22,Considerable,3.0,Considerable,3.0,Moderate,2.0
1198,2018-03-23,Moderate,2.0,Moderate,2.0,Moderate,2.0
1199,2018-03-24,Moderate,2.0,Moderate,2.0,Moderate,2.0
1200,2018-03-25,Moderate,2.0,Moderate,2.0,Low,1.0
1201,2018-03-26,Considerable,3.0,Considerable,3.0,Moderate,2.0
1202,2018-03-27,Considerable,3.0,Moderate,2.0,Moderate,2.0
1203,2018-03-28,Moderate,2.0,Moderate,2.0,Low,1.0
1204,2018-03-29,Considerable,3.0,Moderate,2.0,Low,1.0
1205,2018-03-30,Considerable,3.0,Moderate,2.0,Low,1.0
1206,2018-03-31,Considerable,3.0,Moderate,2.0,Low,1.0
1207,2018-04-01,Moderate,2.0,Moderate,2.0,Low,1.0
1208,2018-04-02,Moderate,2.0,Moderate,2.0,Low,1.0
1209,2018-04-03,Moderate,2.0,Moderate,2.0,Low,1.0
1210,2018-04-04,Considerable,3.0,Considerable,3.0,Moderate,2.0
1211,2018-04-05,Considerable,3.0,Moderate,2.0,Low,1.0
1212,2018-04-06,Considerable,3.0,Moderate,2.0,Low,1.0
1213,2018-04-07,Considerable,3.0,Moderate,2.0,Low,1.0
1214,2018-04-08,Moderate,2.0,Moderate,2.0,Low,1.0
1215,2018-04-09,Considerable,3.0,Considerable,3.0,Considerable,3.0
1216,2018-04-10,Considerable,3.0,Considerable,3.0,Moderate,2.0
1217,2018-04-11,Considerable,3.0,Moderate,2.0,Moderate,2.0
1218,2018-04-12,Considerable,3.0,Considerable,3.0,Moderate,2.0
1219,2018-04-13,High,4.0,High,4.0,Considerable,3.0
1220,2018-04-14,Considerable,3.0,Moderate,2.0,Low,1.0
1221,2018-04-15,Moderate,2.0,Moderate,2.0,Low,1.0
1222,2018-04-16,Moderate,2.0,Moderate,2.0,Low,1.0
1223,2018-04-17,Considerable,3.0,Moderate,2.0,Low,1.0
1224,2018-04-18,Considerable,3.0,Considerable,3.0,Moderate,2.0
1225,2018-04-19,Moderate,2.0,Moderate,2.0,Low,1.0
1226,2018-04-20,Moderate,2.0,Moderate,2.0,Low,1.0
1227,2018-04-21,Considerable,3.0,Considerable,3.0,Moderate,2.0
1228,2018-04-22,Considerable,3.0,Considerable,3.0,Considerable,3.0
1229,2018-04-23,Considerable,3.0,Considerable,3.0,Considerable,3.0
1230,2018-04-24,Considerable,3.0,Considerable,3.0,Considerable,3.0
1231,2018-04-25,Considerable,3.0,Considerable,3.0,Considerable,3.0
1260,2018-11-24,Moderate,2.0,Low,1.0,Low,1.0
1261,2018-11-25,Considerable,3.0,Moderate,2.0,Low,1.0
1262,2018-11-26,Considerable,3.0,Moderate,2.0,Low,1.0
1263,2018-11-27,Considerable,3.0,Considerable,3.0,Moderate,2.0
1264,2018-11-28,Moderate,2.0,Moderate,2.0,Low,1.0
1265,2018-11-29,Moderate,2.0,Moderate,2.0,Low,1.0
1266,2018-11-30,Moderate,2.0,Low,1.0,Low,1.0
1267,2018-12-01,Moderate,2.0,Low,1.0,Low,1.0
1268,2018-12-02,Moderate,2.0,Low,1.0,Low,1.0
1269,2018-12-03,Moderate,2.0,Low,1.0,Low,1.0
1270,2018-12-04,Moderate,2.0,Low,1.0,Low,1.0
1271,2018-12-05,Moderate,2.0,Low,1.0,Low,1.0
1272,2018-12-06,Moderate,2.0,Low,1.0,Low,1.0
1273,2018-12-07,Moderate,2.0,Low,1.0,Low,1.0
1274,2018-12-08,Low,1.0,Low,1.0,Low,1.0
1275,2018-12-09,Considerable,3.0,Low,1.0,Low,1.0
1276,2018-12-10,Considerable,3.0,Moderate,2.0,Low,1.0
1277,2018-12-11,High,4.0,Considerable,3.0,Low,1.0
1278,2018-12-12,High,4.0,Considerable,3.0,Low,1.0
1279,2018-12-13,High,4.0,Considerable,3.0,Moderate,2.0
1280,2018-12-14,Considerable,3.0,Considerable,3.0,Considerable,3.0
1281,2018-12-15,Considerable,3.0,Considerable,3.0,Considerable,3.0
1282,2018-12-16,Considerable,3.0,Considerable,3.0,Moderate,2.0
1283,2018-12-17,High,4.0,High,4.0,Considerable,3.0
1284,2018-12-18,High,4.0,High,4.0,Considerable,3.0
1285,2018-12-19,Considerable,3.0,Considerable,3.0,Moderate,2.0
1286,2018-12-20,High,4.0,High,4.0,Considerable,3.0
1287,2018-12-21,Considerable,3.0,Considerable,3.0,Moderate,2.0
1288,2018-12-22,Considerable,3.0,Considerable,3.0,Moderate,2.0
1289,2018-12-23,Considerable,3.0,Moderate,2.0,Low,1.0
1290,2018-12-24,Considerable,3.0,Moderate,2.0,Low,1.0
1291,2018-12-25,Moderate,2.0,Moderate,2.0,Low,1.0
1292,2018-12-26,Moderate,2.0,Moderate,2.0,Low,1.0
1293,2018-12-27,Moderate,2.0,Moderate,2.0,Low,1.0
1294,2018-12-28,High,4.0,Considerable,3.0,Considerable,3.0
1295,2018-12-29,High,4.0,Considerable,3.0,Considerable,3.0
1296,2018-12-30,Considerable,3.0,Moderate,2.0,Low,1.0
1297,2018-12-31,Considerable,3.0,Moderate,2.0,Low,1.0
1298,2019-01-01,Considerable,3.0,Moderate,2.0,Low,1.0
1299,2019-01-02,Considerable,3.0,Moderate,2.0,Low,1.0
1300,2019-01-03,High,4.0,High,4.0,High,4.0
1301,2019-01-04,High,4.0,High,4.0,High,4.0
1302,2019-01-05,Considerable,3.0,Considerable,3.0,Considerable,3.0
1303,2019-01-06,Considerable,3.0,Considerable,3.0,Moderate,2.0
1304,2019-01-07,Considerable,3.0,Moderate,2.0,Moderate,2.0
1305,2019-01-08,Considerable,3.0,Moderate,2.0,Moderate,2.0
1306,2019-01-09,Considerable,3.0,Considerable,3.0,Moderate,2.0
1307,2019-01-10,Considerable,3.0,Considerable,3.0,Moderate,2.0
1308,2019-01-11,Considerable,3.0,Considerable,3.0,Moderate,2.0
1309,2019-01-12,Considerable,3.0,Considerable,3.0,Moderate,2.0
1310,2019-01-13,High,4.0,Considerable,3.0,Low,1.0
1311,2019-01-14,Considerable,3.0,Considerable,3.0,Moderate,2.0
1312,2019-01-15,Moderate,2.0,Moderate,2.0,Low,1.0
1313,2019-01-16,Moderate,2.0,Moderate,2.0,Low,1.0
1314,2019-01-17,Considerable,3.0,Considerable,3.0,Moderate,2.0
1315,2019-01-18,Considerable,3.0,Considerable,3.0,Moderate,2.0
1316,2019-01-19,High,4.0,Considerable,3.0,Moderate,2.0
1317,2019-01-20,Considerable,3.0,Moderate,2.0,Moderate,2.0
1318,2019-01-21,Moderate,2.0,Moderate,2.0,Low,1.0
1319,2019-01-22,Moderate,2.0,Moderate,2.0,Low,1.0
1320,2019-01-23,Considerable,3.0,Moderate,2.0,Moderate,2.0
1321,2019-01-24,Considerable,3.0,Moderate,2.0,Moderate,2.0
1322,2019-01-25,Moderate,2.0,Moderate,2.0,Moderate,2.0
1323,2019-01-26,Moderate,2.0,Moderate,2.0,Moderate,2.0
1324,2019-01-27,Moderate,2.0,Moderate,2.0,Low,1.0
1325,2019-01-28,Moderate,2.0,Moderate,2.0,Low,1.0
1326,2019-01-29,Moderate,2.0,Low,1.0,Low,1.0
1327,2019-01-30,Moderate,2.0,Low,1.0,Low,1.0
1328,2019-01-31,Low,1.0,Low,1.0,Low,1.0
1329,2019-02-01,Considerable,3.0,Considerable,3.0,Moderate,2.0
1330,2019-02-02,High,4.0,Considerable,3.0,Considerable,3.0
1331,2019-02-03,Considerable,3.0,Moderate,2.0,Moderate,2.0
1332,2019-02-04,Moderate,2.0,Moderate,2.0,Low,1.0
1333,2019-02-05,Moderate,2.0,Moderate,2.0,Low,1.0
1334,2019-02-06,Moderate,2.0,Moderate,2.0,Low,1.0
1335,2019-02-07,Moderate,2.0,Moderate,2.0,Low,1.0
1336,2019-02-08,Moderate,2.0,Moderate,2.0,Low,1.0
1337,2019-02-09,Low,1.0,Low,1.0,Low,1.0
1338,2019-02-10,Moderate,2.0,Low,1.0,Low,1.0
1339,2019-02-11,Moderate,2.0,Low,1.0,Low,1.0
1340,2019-02-12,Moderate,2.0,Moderate,2.0,Low,1.0
1341,2019-02-13,Moderate,2.0,Moderate,2.0,Low,1.0
1342,2019-02-14,Moderate,2.0,Moderate,2.0,Moderate,2.0
1343,2019-02-15,Moderate,2.0,Moderate,2.0,Low,1.0
1344,2019-02-16,Moderate,2.0,Moderate,2.0,Low,1.0
1345,2019-02-17,Moderate,2.0,Low,1.0,Low,1.0
1346,2019-02-18,Low,1.0,Low,1.0,Low,1.0
1347,2019-02-19,Low,1.0,Low,1.0,Low,1.0
1348,2019-02-20,Low,1.0,Low,1.0,Low,1.0
1349,2019-02-21,Low,1.0,Low,1.0,Low,1.0
1350,2019-02-22,Moderate,2.0,Moderate,2.0,Low,1.0
1351,2019-02-23,Moderate,2.0,Moderate,2.0,Low,1.0
1352,2019-02-24,Moderate,2.0,Moderate,2.0,Low,1.0
1353,2019-02-25,Moderate,2.0,Low,1.0,Low,1.0
1354,2019-02-26,Moderate,2.0,Low,1.0,Low,1.0
1355,2019-02-27,Moderate,2.0,Low,1.0,Low,1.0
1356,2019-02-28,Moderate,2.0,Low,1.0,Low,1.0
1357,2019-03-01,Moderate,2.0,Low,1.0,Low,1.0
1358,2019-03-02,Moderate,2.0,Moderate,2.0,Low,1.0
1359,2019-03-03,Moderate,2.0,Low,1.0,Low,1.0
1360,2019-03-04,Moderate,2.0,Low,1.0,Low,1.0
1361,2019-03-05,Moderate,2.0,Low,1.0,Low,1.0
1362,2019-03-06,Low,1.0,Low,1.0,Low,1.0
1363,2019-03-07,Low,1.0,Low,1.0,Low,1.0
1364,2019-03-08,Low,1.0,Low,1.0,Low,1.0
1365,2019-03-09,Low,1.0,Low,1.0,Low,1.0
1366,2019-03-10,Low,1.0,Low,1.0,Low,1.0
1367,2019-03-11,Considerable,3.0,Moderate,2.0,Low,1.0
1368,2019-03-12,Moderate,2.0,Moderate,2.0,Low,1.0
1369,2019-03-13,Moderate,2.0,Low,1.0,Low,1.0
1370,2019-03-14,Moderate,2.0,Moderate,2.0,Moderate,2.0
1371,2019-03-15,Moderate,2.0,Moderate,2.0,Moderate,2.0
1372,2019-03-16,Moderate,2.0,Moderate,2.0,Moderate,2.0
1373,2019-03-17,High,4.0,High,4.0,Considerable,3.0
1374,2019-03-18,Considerable,3.0,Considerable,3.0,Considerable,3.0
1375,2019-03-19,Considerable,3.0,Considerable,3.0,Considerable,3.0
1376,2019-03-20,Considerable,3.0,Considerable,3.0,Considerable,3.0
1377,2019-03-21,Moderate,2.0,Moderate,2.0,Moderate,2.0
1378,2019-03-22,Moderate,2.0,Moderate,2.0,Low,1.0
1379,2019-03-23,Moderate,2.0,Low,1.0,Low,1.0
1380,2019-03-24,Moderate,2.0,Moderate,2.0,Low,1.0
1381,2019-03-25,Moderate,2.0,Moderate,2.0,Moderate,2.0
1382,2019-03-26,Moderate,2.0,Moderate,2.0,Moderate,2.0
1383,2019-03-27,Moderate,2.0,Moderate,2.0,Moderate,2.0
1384,2019-03-28,Low,1.0,Low,1.0,Low,1.0
1385,2019-03-29,Moderate,2.0,Low,1.0,Low,1.0
1386,2019-03-30,Low,1.0,Low,1.0,Low,1.0
1387,2019-03-31,Low,1.0,Low,1.0,Low,1.0
1388,2019-04-01,Low,1.0,Low,1.0,Low,1.0
1389,2019-04-02,Moderate,2.0,Low,1.0,Low,1.0
1390,2019-04-03,Moderate,2.0,Low,1.0,Low,1.0
1391,2019-04-04,Moderate,2.0,Moderate,2.0,Low,1.0
1392,2019-04-05,Considerable,3.0,Moderate,2.0,Low,1.0
1393,2019-04-06,Moderate,2.0,Moderate,2.0,Low,1.0
1394,2019-04-07,Moderate,2.0,Moderate,2.0,Low,1.0
1395,2019-04-08,Moderate,2.0,Low,1.0,Low,1.0
1396,2019-04-09,Moderate,2.0,Moderate,2.0,Low,1.0
1397,2019-04-10,Moderate,2.0,Low,1.0,Low,1.0
1398,2019-04-11,Moderate,2.0,Low,1.0,Low,1.0
1399,2019-04-12,Moderate,2.0,Low,1.0,Low,1.0
1400,2019-04-13,Considerable,3.0,Considerable,3.0,Moderate,2.0
1401,2019-04-14,Considerable,3.0,Considerable,3.0,Moderate,2.0
1402,2019-04-15,Moderate,2.0,Moderate,2.0,Low,1.0
1403,2019-04-16,Moderate,2.0,Low,1.0,Low,1.0
1404,2019-04-17,Moderate,2.0,Moderate,2.0,Low,1.0
1405,2019-04-18,Considerable,3.0,Moderate,2.0,Low,1.0
1406,2019-04-19,Moderate,2.0,Moderate,2.0,Low,1.0
1407,2019-04-20,Moderate,2.0,Low,1.0,Low,1.0
1408,2019-04-21,Moderate,2.0,Low,1.0,Low,1.0
1409,2019-04-22,Moderate,2.0,Moderate,2.0,Low,1.0
1410,2019-04-23,Moderate,2.0,Low,1.0,Low,1.0
1411,2019-04-24,Moderate,2.0,Low,1.0,Low,1.0
1412,2019-04-25,Moderate,2.0,Low,1.0,Low,1.0
1413,2019-04-26,Moderate,2.0,Low,1.0,Low,1.0
1414,2019-04-27,Moderate,2.0,Moderate,2.0,Low,1.0
1415,2019-04-28,Moderate,2.0,Moderate,2.0,Low,1.0
1416,2019-04-29,Moderate,2.0,Moderate,2.0,Low,1.0
1440,2019-11-23,Moderate,2.0,Moderate,2.0,Low,1.0
1441,2019-11-24,Considerable,3.0,Moderate,2.0,Moderate,2.0
1442,2019-11-25,Moderate,2.0,Moderate,2.0,Low,1.0
1443,2019-11-26,Low,1.0,Low,1.0,Low,1.0
1444,2019-11-27,Low,1.0,Low,1.0,Low,1.0
1445,2019-11-28,Low,1.0,Low,1.0,Low,1.0
1446,2019-11-29,Low,1.0,Low,1.0,Low,1.0
1447,2019-11-30,Low,1.0,Low,1.0,Low,1.0
1448,2019-12-01,Low,1.0,Low,1.0,Low,1.0
1449,2019-12-02,Low,1.0,Low,1.0,Low,1.0
1450,2019-12-03,Moderate,2.0,Low,1.0,Low,1.0
1451,2019-12-04,High,4.0,Considerable,3.0,Low,1.0
1452,2019-12-05,Moderate,2.0,Moderate,2.0,Low,1.0
1453,2019-12-06,Considerable,3.0,Moderate,2.0,Low,1.0
1454,2019-12-07,Moderate,2.0,Moderate,2.0,Low,1.0
1455,2019-12-08,Moderate,2.0,Low,1.0,Low,1.0
1456,2019-12-09,Considerable,3.0,Low,1.0,Low,1.0
1457,2019-12-10,Moderate,2.0,Low,1.0,Low,1.0
1458,2019-12-11,Moderate,2.0,Low,1.0,Low,1.0
1459,2019-12-12,Considerable,3.0,Moderate,2.0,Low,1.0
1460,2019-12-13,Considerable,3.0,Moderate,2.0,Low,1.0
1461,2019-12-14,Considerable,3.0,Moderate,2.0,Low,1.0
1462,2019-12-15,Moderate,2.0,Moderate,2.0,Low,1.0
1463,2019-12-16,Considerable,3.0,Moderate,2.0,Low,1.0
1464,2019-12-17,Considerable,3.0,Moderate,2.0,Low,1.0
1465,2019-12-18,Considerable,3.0,Moderate,2.0,Low,1.0
1466,2019-12-19,Considerable,3.0,Considerable,3.0,Moderate,2.0
1467,2019-12-20,High,4.0,Considerable,3.0,Moderate,2.0
1468,2019-12-21,Considerable,3.0,Considerable,3.0,Moderate,2.0
1469,2019-12-22,Considerable,3.0,Considerable,3.0,Moderate,2.0
1470,2019-12-23,High,4.0,Considerable,3.0,Low,1.0
1471,2019-12-24,High,4.0,High,4.0,Low,1.0
1472,2019-12-25,Considerable,3.0,Considerable,3.0,Low,1.0
1473,2019-12-26,Considerable,3.0,Considerable,3.0,Low,1.0
1474,2019-12-27,Considerable,3.0,Considerable,3.0,Low,1.0
1475,2019-12-28,Considerable,3.0,Considerable,3.0,Low,1.0
1476,2019-12-29,Considerable,3.0,Moderate,2.0,Low,1.0
1477,2019-12-30,Moderate,2.0,Moderate,2.0,Low,1.0
1478,2019-12-31,Considerable,3.0,Considerable,3.0,Moderate,2.0
1479,2020-01-01,High,4.0,High,4.0,Considerable,3.0
1480,2020-01-02,Considerable,3.0,Considerable,3.0,Moderate,2.0
1481,2020-01-03,Extreme,5.0,Extreme,5.0,High,4.0
1482,2020-01-04,High,4.0,High,4.0,High,4.0
1483,2020-01-05,High,4.0,High,4.0,High,4.0
1484,2020-01-06,High,4.0,High,4.0,Considerable,3.0
1485,2020-01-07,High,4.0,High,4.0,High,4.0
1486,2020-01-08,High,4.0,Considerable,3.0,Moderate,2.0
1487,2020-01-09,Considerable,3.0,Considerable,3.0,Moderate,2.0
1488,2020-01-10,Considerable,3.0,Considerable,3.0,Moderate,2.0
1489,2020-01-11,High,4.0,High,4.0,Considerable,3.0
1490,2020-01-12,Considerable,3.0,Considerable,3.0,Moderate,2.0
1491,2020-01-13,Considerable,3.0,Moderate,2.0,Moderate,2.0
1492,2020-01-14,Considerable,3.0,Considerable,3.0,Moderate,2.0
1493,2020-01-15,Moderate,2.0,Moderate,2.0,Low,1.0
1494,2020-01-16,High,4.0,Considerable,3.0,Considerable,3.0
1495,2020-01-17,Considerable,3.0,Considerable,3.0,Considerable,3.0
1496,2020-01-18,High,4.0,Considerable,3.0,Considerable,3.0
1497,2020-01-19,High,4.0,High,4.0,High,4.0
1498,2020-01-20,Considerable,3.0,Moderate,2.0,Moderate,2.0
1499,2020-01-21,Considerable,3.0,Moderate,2.0,Moderate,2.0
1500,2020-01-22,Considerable,3.0,Moderate,2.0,Low,1.0
1501,2020-01-23,High,4.0,High,4.0,Moderate,2.0
1502,2020-01-24,High,4.0,High,4.0,Considerable,3.0
1503,2020-01-25,Considerable,3.0,Considerable,3.0,Moderate,2.0
1504,2020-01-26,High,4.0,High,4.0,Considerable,3.0
1505,2020-01-27,Considerable,3.0,Moderate,2.0,Moderate,2.0
1506,2020-01-28,Considerable,3.0,Moderate,2.0,Low,1.0
1507,2020-01-29,Considerable,3.0,Considerable,3.0,Moderate,2.0
1508,2020-01-30,Considerable,3.0,Considerable,3.0,Moderate,2.0
1509,2020-01-31,High,4.0,Considerable,3.0,Considerable,3.0
1510,2020-02-01,High,4.0,Considerable,3.0,Moderate,2.0
1511,2020-02-02,Considerable,3.0,Considerable,3.0,Moderate,2.0
1512,2020-02-03,Considerable,3.0,Moderate,2.0,Low,1.0
1513,2020-02-04,Moderate,2.0,Low,1.0,Low,1.0
1514,2020-02-05,Considerable,3.0,Moderate,2.0,Low,1.0
1515,2020-02-06,Considerable,3.0,Moderate,2.0,Low,1.0
1516,2020-02-07,Considerable,3.0,Moderate,2.0,Moderate,2.0
1517,2020-02-08,Considerable,3.0,Moderate,2.0,Moderate,2.0
1518,2020-02-09,Moderate,2.0,Moderate,2.0,Low,1.0
1519,2020-02-10,Moderate,2.0,Moderate,2.0,Low,1.0
1520,2020-02-11,Moderate,2.0,Moderate,2.0,Low,1.0
1521,2020-02-12,Moderate,2.0,Low,1.0,Low,1.0
1522,2020-02-13,Considerable,3.0,Moderate,2.0,Moderate,2.0
1523,2020-02-14,Considerable,3.0,Moderate,2.0,Moderate,2.0
1524,2020-02-15,Moderate,2.0,Low,1.0,Low,1.0
1525,2020-02-16,Moderate,2.0,Moderate,2.0,Low,1.0
1526,2020-02-17,Moderate,2.0,Moderate,2.0,Low,1.0
1527,2020-02-18,Moderate,2.0,Low,1.0,Low,1.0
1528,2020-02-19,Moderate,2.0,Low,1.0,Low,1.0
1529,2020-02-20,Low,1.0,Low,1.0,Low,1.0
1530,2020-02-21,Low,1.0,Low,1.0,Low,1.0
1531,2020-02-22,Considerable,3.0,Moderate,2.0,Moderate,2.0
1532,2020-02-23,Considerable,3.0,Considerable,3.0,Considerable,3.0
1533,2020-02-24,Considerable,3.0,Considerable,3.0,Moderate,2.0
1534,2020-02-25,Moderate,2.0,Moderate,2.0,Moderate,2.0
1535,2020-02-26,Moderate,2.0,Moderate,2.0,Low,1.0
1536,2020-02-27,Moderate,2.0,Moderate,2.0,Low,1.0
1537,2020-02-28,Moderate,2.0,Moderate,2.0,Low,1.0
1538,2020-02-29,High,4.0,Considerable,3.0,Considerable,3.0
1539,2020-03-01,Moderate,2.0,Moderate,2.0,Low,1.0
1540,2020-03-02,Moderate,2.0,Moderate,2.0,Low,1.0
1541,2020-03-03,Moderate,2.0,Moderate,2.0,Low,1.0
1542,2020-03-04,Considerable,3.0,Moderate,2.0,Low,1.0
1543,2020-03-05,High,4.0,Considerable,3.0,Considerable,3.0
1544,2020-03-06,Considerable,3.0,Considerable,3.0,Moderate,2.0
1545,2020-03-07,Considerable,3.0,Moderate,2.0,Low,1.0
1546,2020-03-08,Moderate,2.0,Moderate,2.0,Low,1.0
1547,2020-03-09,Moderate,2.0,Moderate,2.0,Low,1.0
1548,2020-03-10,Moderate,2.0,Moderate,2.0,Low,1.0
1549,2020-03-11,Considerable,3.0,Moderate,2.0,Moderate,2.0
1550,2020-03-12,Moderate,2.0,Moderate,2.0,Low,1.0
1551,2020-03-13,Moderate,2.0,Moderate,2.0,Low,1.0
1552,2020-03-14,Moderate,2.0,Moderate,2.0,Low,1.0
1553,2020-03-15,Moderate,2.0,Moderate,2.0,Low,1.0
1554,2020-03-16,Considerable,3.0,Considerable,3.0,Considerable,3.0
1555,2020-03-17,Moderate,2.0,Moderate,2.0,Moderate,2.0
1556,2020-03-18,Moderate,2.0,Moderate,2.0,Low,1.0
1557,2020-03-19,Moderate,2.0,Low,1.0,Low,1.0
1558,2020-03-20,Low,1.0,Low,1.0,Low,1.0
1559,2020-03-21,Low,1.0,Low,1.0,Low,1.0
1560,2020-03-22,Low,1.0,Low,1.0,Low,1.0
1561,2020-03-23,Moderate,2.0,Moderate,2.0,Low,1.0
1562,2020-03-24,Moderate,2.0,Low,1.0,Low,1.0
1563,2020-03-25,Low,1.0,Low,1.0,Low,1.0
1564,2020-03-26,Moderate,2.0,Low,1.0,Low,1.0
1565,2020-03-27,Moderate,2.0,Moderate,2.0,Low,1.0
1566,2020-03-28,Considerable,3.0,Considerable,3.0,Moderate,2.0
1567,2020-03-29,High,4.0,High,4.0,High,4.0
1568,2020-03-30,Considerable,3.0,Considerable,3.0,Moderate,2.0
